Rank,Hub_Residue,Hub_Domain,Dynamic_Score,Partners_Count,Partners_Detail,Dominant_Partner_Path (6nt -> 18nt)
1,LYS1200,PI,0.775,5,"NTS1522(NTS), NTS1524(NTS), NTS1526(NTS), NTS1528(NTS), NTS1530(NTS)",LYS1200_NTS1522 -> LYS1200_NTS1522 -> LYS1200_NTS1524 -> LYS1200_NTS1524 -> LYS1200_NTS1526 -> LYS1200_NTS1528 -> LYS1200_NTS1530
2,TS1496,TS,0.484,4,"LYS253(REC2), ARG905(HNH), LYS902(HNH), ARG919(RuvC)",LYS253_TS1496 -> LYS253_TS1496 -> ARG905_TS1496 -> ARG919_TS1496 -> ARG919_TS1496 -> ARG905_TS1496 -> LYS902_TS1496
3,ARG1114,PI,0.477,6,"NTS1525(NTS), ASP1135(PI), NTS1527(NTS), NTS1529(NTS), NTS1531(NTS), NTS1533(NTS)",ARG1114_NTS1525 -> ARG1114_NTS1525 -> ARG1114_NTS1527 -> ARG1114_NTS1527 -> ARG1114_NTS1529 -> ARG1114_NTS1531 -> ARG1114_NTS1533
4,ARG895,HNH,0.419,4,"sgRNA1376(sgRNA), ASP853(HNH), ASP849(HNH), TS1495(TS)",ARG895_sgRNA1376 -> ARG895_ASP853 -> ARG895_TS1495 -> ARG895_ASP853 -> ARG895_ASP853 -> ARG895_ASP849 -> ARG895_TS1495
5,ARG925,RuvC,0.407,3,"GLU923(RuvC), GLU762(RuvC), TS1493(TS)",ARG925_GLU923 -> ARG925_GLU923 -> ARG925_TS1493 -> ARG925_GLU923 -> ARG925_TS1493 -> ARG925_TS1493 -> ARG925_TS1493
6,NTS1526,NTS,0.366,4,"LYS1118(PI), LYS1200(PI), LYS772(L1), ARG976(RuvC)",LYS1118_NTS1526 -> LYS1118_NTS1526 -> LYS1118_NTS1526 -> LYS1118_NTS1526 -> LYS1200_NTS1526 -> LYS772_NTS1526 -> ARG976_NTS1526
7,TS1495,TS,0.314,3,"LYS234(REC2), ARG895(HNH), ARG919(RuvC)",LYS234_TS1495 -> LYS234_TS1495 -> ARG895_TS1495 -> ARG895_TS1495 -> ARG895_TS1495 -> ARG895_TS1495 -> ARG895_TS1495
8,NTS1524,NTS,0.3,2,"LYS1118(PI), LYS1200(PI)",LYS1118_NTS1524 -> LYS1118_NTS1524 -> LYS1200_NTS1524 -> LYS1200_NTS1524 -> LYS1118_NTS1524 -> LYS1118_NTS1524 -> LYS1118_NTS1524
9,ARG919,RuvC,0.295,4,"sgRNA1377(sgRNA), ASP849(HNH), TS1495(TS), TS1496(TS)",ARG919_sgRNA1377 -> ARG919_ASP849 -> ARG919_ASP849 -> ARG919_TS1495 -> ARG919_TS1496 -> ARG919_TS1495 -> ARG919_TS1495
10,ARG905,HNH,0.256,2,"ASP898(HNH), TS1496(TS)",ARG905_ASP898 -> ARG905_ASP898 -> ARG905_ASP898 -> ARG905_ASP898 -> ARG905_ASP898 -> ARG905_TS1496 -> ARG905_TS1496
11,ARG765,L1,0.23,3,"TS1494(TS), GLU923(RuvC), GLU762(RuvC)",ARG765_TS1494 -> ARG765_TS1494 -> ARG765_TS1494 -> ARG765_TS1494 -> ARG765_GLU923 -> ARG765_TS1494 -> ARG765_GLU762
12,ARG63,BH,0.23,3,"GLU60(BH), sgRNA1384(sgRNA), sgRNA1383(sgRNA)",ARG63_GLU60 -> ARG63_GLU60 -> ARG63_sgRNA1384 -> ARG63_sgRNA1384 -> ARG63_sgRNA1384 -> ARG63_sgRNA1384 -> ARG63_sgRNA1384
13,ASP849,HNH,0.229,2,"ARG895(HNH), ARG919(RuvC)",ARG919_ASP849 -> ARG919_ASP849 -> ARG919_ASP849 -> ARG919_ASP849 -> ARG919_ASP849 -> ARG895_ASP849 -> ARG895_ASP849
14,LYS782,HNH,0.227,2,"TS1485(TS), TS1484(TS)",LYS782_TS1485 -> LYS782_TS1485 -> LYS782_TS1485 -> LYS782_TS1485 -> LYS782_TS1485 -> LYS782_TS1485 -> LYS782_TS1484
15,NTS1525,NTS,0.227,3,"ARG1114(PI), ARG976(RuvC), LYS974(RuvC)",ARG1114_NTS1525 -> ARG1114_NTS1525 -> ARG1114_NTS1525 -> ARG1114_NTS1525 -> ARG1114_NTS1525 -> ARG1114_NTS1525 -> LYS974_NTS1525
16,ARG629,REC3,0.225,3,"GLU627(REC3), ASP274(REC2), ASP273(REC2)",ARG629_GLU627 -> ARG629_ASP274 -> ARG629_ASP273 -> ARG629_ASP274 -> ARG629_ASP274 -> ARG629_ASP274 -> ARG629_ASP274
17,GLU923,RuvC,0.225,2,"ARG925(RuvC), ARG765(L1)",ARG925_GLU923 -> ARG925_GLU923 -> ARG925_GLU923 -> ARG925_GLU923 -> ARG765_GLU923 -> ARG925_GLU923 -> ARG765_GLU923
18,LYS1118,PI,0.215,4,"NTS1524(NTS), NTS1526(NTS), NTS1530(NTS), NTS1532(NTS)",LYS1118_NTS1524 -> LYS1118_NTS1524 -> LYS1118_NTS1526 -> LYS1118_NTS1526 -> LYS1118_NTS1524 -> LYS1118_NTS1530 -> LYS1118_NTS1532
19,GLU762,RuvC,0.201,2,"ARG925(RuvC), ARG765(L1)",ARG925_GLU762 -> ARG925_GLU762 -> ARG925_GLU762 -> ARG765_GLU762 -> ARG925_GLU762 -> ARG925_GLU762 -> ARG765_GLU762
20,ARG661,REC3,0.197,4,"sgRNA1381(sgRNA), NTS1508(NTS), TS1491(TS), sgRNA1374(sgRNA)",ARG661_sgRNA1381 -> ARG661_sgRNA1381 -> ARG661_NTS1508 -> ARG661_TS1491 -> ARG661_NTS1508 -> ARG661_sgRNA1374 -> ARG661_sgRNA1374
21,ARG783,HNH,0.197,2,"GLU779(L1), sgRNA1380(sgRNA)",ARG783_GLU779 -> ARG783_GLU779 -> ARG783_GLU779 -> ARG783_GLU779 -> ARG783_GLU779 -> ARG783_sgRNA1380 -> ARG783_sgRNA1380
22,NTS1516,NTS,0.19,3,"LYS775(L1), LYS772(L1), ARG1060(RuvC)",LYS775_NTS1516 -> LYS775_NTS1516 -> LYS775_NTS1516 -> LYS775_NTS1516 -> LYS775_NTS1516 -> LYS775_NTS1516 -> ARG1060_NTS1516
23,ARG653,REC3,0.172,4,"ASP272(REC2), ASP274(REC2), ASP273(REC2), ASP276(REC2)",ARG653_ASP272 -> ARG653_ASP274 -> ARG653_ASP274 -> ARG653_ASP274 -> ARG653_ASP274 -> ARG653_ASP273 -> ARG653_ASP273
24,NTS1530,NTS,0.168,2,"LYS1118(PI), LYS1200(PI)",LYS1118_NTS1530 -> LYS1118_NTS1530 -> LYS1118_NTS1530 -> LYS1118_NTS1530 -> LYS1118_NTS1530 -> LYS1118_NTS1530 -> LYS1200_NTS1530
25,sgRNA1374,sgRNA,0.162,2,"LYS536(REC3), ARG661(REC3)",LYS536_sgRNA1374 -> LYS536_sgRNA1374 -> LYS536_sgRNA1374 -> LYS536_sgRNA1374 -> LYS536_sgRNA1374 -> ARG661_sgRNA1374 -> ARG661_sgRNA1374
26,ASP274,REC2,0.162,2,"ARG653(REC3), ARG629(REC3)",ARG653_ASP274 -> ARG629_ASP274 -> ARG653_ASP274 -> ARG629_ASP274 -> ARG629_ASP274 -> ARG629_ASP274 -> ARG629_ASP274
27,TS1484,TS,0.154,2,"ARG778(L1), LYS782(HNH)",ARG778_TS1484 -> ARG778_TS1484 -> ARG778_TS1484 -> ARG778_TS1484 -> ARG778_TS1484 -> LYS782_TS1484 -> LYS782_TS1484
28,TS1494,TS,0.147,2,"LYS234(REC2), ARG765(L1)",LYS234_TS1494 -> LYS234_TS1494 -> ARG765_TS1494 -> ARG765_TS1494 -> ARG765_TS1494 -> ARG765_TS1494 -> LYS234_TS1494
29,LYS999,RuvC,0.144,2,"ASP23(RuvC), GLU1071(RuvC)",ASP23_LYS999 -> ASP23_LYS999 -> ASP23_LYS999 -> GLU1071_LYS999 -> GLU1071_LYS999 -> ASP23_LYS999 -> ASP23_LYS999
30,ASP850,HNH,0.135,2,"LYS848(HNH), LYS961(RuvC)",ASP850_LYS848 -> ASP850_LYS961 -> ASP850_LYS961 -> ASP850_LYS848 -> ASP850_LYS961 -> ASP850_LYS848 -> ASP850_LYS848
31,ARG220,REC2,0.121,3,"GLU223(REC2), sgRNA1375(sgRNA), sgRNA1376(sgRNA)",ARG220_GLU223 -> ARG220_GLU223 -> ARG220_sgRNA1375 -> ARG220_GLU223 -> ARG220_GLU223 -> ARG220_GLU223 -> ARG220_GLU223
32,ARG1019,RuvC,0.121,2,"ASP1017(RuvC), GLU1026(RuvC)",ARG1019_ASP1017 -> ARG1019_ASP1017 -> ARG1019_ASP1017 -> ARG1019_ASP1017 -> ARG1019_ASP1017 -> ARG1019_ASP1017 -> ARG1019_GLU1026
33,NTS1508,NTS,0.121,2,"ARG654(REC3), ARG661(REC3)",ARG654_NTS1508 -> ARG654_NTS1508 -> ARG661_NTS1508 -> ARG654_NTS1508 -> ARG661_NTS1508 -> ARG654_NTS1508 -> ARG654_NTS1508
34,sgRNA1373,sgRNA,0.119,2,"LYS536(REC3), LYS233(REC2)",LYS536_sgRNA1373 -> LYS536_sgRNA1373 -> LYS536_sgRNA1373 -> LYS233_sgRNA1373 -> LYS536_sgRNA1373 -> LYS536_sgRNA1373 -> LYS536_sgRNA1373
35,LYS848,HNH,0.114,2,"ASP850(HNH), ASP969(RuvC)",ASP850_LYS848 -> ASP969_LYS848 -> ASP969_LYS848 -> ASP850_LYS848 -> ASP969_LYS848 -> ASP850_LYS848 -> ASP850_LYS848
36,ASP273,REC2,0.113,2,"ARG653(REC3), ARG629(REC3)",ARG653_ASP273 -> ARG629_ASP273 -> ARG629_ASP273 -> ARG629_ASP273 -> ARG629_ASP273 -> ARG629_ASP273 -> ARG629_ASP273
37,sgRNA1375,sgRNA,0.112,2,"ARG220(REC2), LYS510(REC3)",ARG220_sgRNA1375 -> ARG220_sgRNA1375 -> ARG220_sgRNA1375 -> ARG220_sgRNA1375 -> ARG220_sgRNA1375 -> LYS510_sgRNA1375 -> LYS510_sgRNA1375
38,ARG586,REC3,0.111,2,"NTS1505(NTS), TS1498(TS)",ARG586_NTS1505 -> ARG586_NTS1505 -> ARG586_TS1498 -> ARG586_NTS1505 -> ARG586_NTS1505 -> ARG586_TS1498 -> ARG586_TS1498
39,LYS234,REC2,0.106,2,"TS1494(TS), TS1495(TS)",LYS234_TS1494 -> LYS234_TS1495 -> LYS234_TS1494 -> LYS234_TS1494 -> LYS234_TS1494 -> LYS234_TS1494 -> LYS234_TS1494
40,ARG69,BH,0.103,2,"sgRNA1433(sgRNA), sgRNA1431(sgRNA)",ARG69_sgRNA1433 -> ARG69_sgRNA1431 -> ARG69_sgRNA1433 -> ARG69_sgRNA1431 -> ARG69_sgRNA1433 -> ARG69_sgRNA1433 -> ARG69_sgRNA1433
41,ARG778,L1,0.101,2,"NTS1513(NTS), TS1484(TS)",ARG778_NTS1513 -> ARG778_NTS1513 -> ARG778_NTS1513 -> ARG778_NTS1513 -> ARG778_NTS1513 -> ARG778_TS1484 -> ARG778_TS1484
42,LYS705,REC3,0.099,3,"ASP700(REC3), ASP1012(RuvC), ASP947(RuvC)",ASP700_LYS705 -> ASP1012_LYS705 -> ASP700_LYS705 -> ASP700_LYS705 -> ASP700_LYS705 -> ASP700_LYS705 -> ASP700_LYS705
43,LYS253,REC2,0.098,2,"TS1496(TS), TS1497(TS)",LYS253_TS1496 -> LYS253_TS1497 -> LYS253_TS1496 -> LYS253_TS1496 -> LYS253_TS1496 -> LYS253_TS1496 -> LYS253_TS1496
44,ARG457,REC1,0.095,3,"sgRNA1427(sgRNA), GLU470(REC1), sgRNA1428(sgRNA)",ARG457_sgRNA1427 -> ARG457_sgRNA1427 -> ARG457_sgRNA1427 -> ARG457_GLU470 -> ARG457_GLU470 -> ARG457_sgRNA1427 -> ARG457_GLU470
45,GLU1026,RuvC,0.095,2,"ARG1058(RuvC), ARG1019(RuvC)",ARG1058_GLU1026 -> ARG1058_GLU1026 -> ARG1058_GLU1026 -> ARG1058_GLU1026 -> ARG1058_GLU1026 -> ARG1019_GLU1026 -> ARG1019_GLU1026
46,ASP304,REC2,0.093,2,"ARG215(REC2), ARG221(REC2)",ARG221_ASP304 -> ARG215_ASP304 -> ARG215_ASP304 -> ARG221_ASP304 -> ARG215_ASP304 -> ARG221_ASP304 -> ARG221_ASP304
47,sgRNA1376,sgRNA,0.091,2,"ARG895(HNH), ARG220(REC2)",ARG895_sgRNA1376 -> ARG895_sgRNA1376 -> ARG220_sgRNA1376 -> ARG220_sgRNA1376 -> ARG895_sgRNA1376 -> ARG895_sgRNA1376 -> ARG895_sgRNA1376
48,LYS772,L1,0.087,2,"NTS1516(NTS), NTS1526(NTS)",LYS772_NTS1516 -> LYS772_NTS1516 -> LYS772_NTS1516 -> LYS772_NTS1516 -> LYS772_NTS1516 -> LYS772_NTS1526 -> LYS772_NTS1516
49,GLU910,L2,0.084,2,"LYS1024(RuvC), LYS913(L2)",GLU910_LYS1024 -> GLU910_LYS1024 -> GLU910_LYS1024 -> GLU910_LYS1024 -> GLU910_LYS1024 -> GLU910_LYS913 -> GLU910_LYS913
50,sgRNA1381,sgRNA,0.082,2,"ARG661(REC3), LYS500(REC3)",LYS500_sgRNA1381 -> LYS500_sgRNA1381 -> ARG661_sgRNA1381 -> ARG661_sgRNA1381 -> ARG661_sgRNA1381 -> ARG661_sgRNA1381 -> ARG661_sgRNA1381
51,sgRNA1389,sgRNA,0.07,2,"ARG71(BH), ARG75(BH)",ARG75_sgRNA1389 -> ARG75_sgRNA1389 -> ARG75_sgRNA1389 -> ARG71_sgRNA1389 -> ARG71_sgRNA1389 -> ARG71_sgRNA1389 -> ARG71_sgRNA1389
52,GLU809,HNH,0.067,2,"LYS855(HNH), LYS1246(PI)",GLU809_LYS855 -> GLU809_LYS855 -> GLU809_LYS1246 -> GLU809_LYS855 -> GLU809_LYS855 -> GLU809_LYS855 -> GLU809_LYS855
53,ARG1210,PI,0.063,2,"GLU1341(PI), GLU1207(PI)",ARG1210_GLU1341 -> ARG1210_GLU1341 -> ARG1210_GLU1341 -> ARG1210_GLU1341 -> ARG1210_GLU1341 -> ARG1210_GLU1341 -> ARG1210_GLU1207
54,sgRNA1437,sgRNA,0.063,2,"LYS1097(RuvC), LYS742(RuvC)",LYS742_sgRNA1437 -> LYS742_sgRNA1437 -> LYS1097_sgRNA1437 -> LYS742_sgRNA1437 -> LYS1097_sgRNA1437 -> LYS742_sgRNA1437 -> LYS742_sgRNA1437
55,ASP969,RuvC,0.062,2,"LYS1047(RuvC), LYS848(HNH)",ASP969_LYS1047 -> ASP969_LYS1047 -> ASP969_LYS848 -> ASP969_LYS1047 -> ASP969_LYS1047 -> ASP969_LYS1047 -> ASP969_LYS1047
56,GLU1341,PI,0.059,2,"ARG1210(PI), ARG1212(PI)",ARG1210_GLU1341 -> ARG1210_GLU1341 -> ARG1210_GLU1341 -> ARG1210_GLU1341 -> ARG1210_GLU1341 -> ARG1210_GLU1341 -> ARG1212_GLU1341
57,GLU627,REC3,0.059,2,"ARG629(REC3), ARG655(REC3)",ARG655_GLU627 -> ARG655_GLU627 -> ARG655_GLU627 -> ARG629_GLU627 -> ARG655_GLU627 -> ARG655_GLU627 -> ARG655_GLU627
58,ARG215,REC2,0.058,2,"ASP304(REC2), ASP397(REC1)",ARG215_ASP304 -> ARG215_ASP304 -> ARG215_ASP304 -> ARG215_ASP304 -> ARG215_ASP304 -> ARG215_ASP397 -> ARG215_ASP304
59,ARG71,BH,0.053,2,"sgRNA1388(sgRNA), sgRNA1389(sgRNA)",ARG71_sgRNA1388 -> ARG71_sgRNA1388 -> ARG71_sgRNA1389 -> ARG71_sgRNA1388 -> ARG71_sgRNA1388 -> ARG71_sgRNA1389 -> ARG71_sgRNA1388
60,ASP397,REC1,0.043,3,"ARG215(REC2), ARG307(REC1), ARG395(REC1)",ARG307_ASP397 -> ARG395_ASP397 -> ARG307_ASP397 -> ARG395_ASP397 -> ARG395_ASP397 -> ARG215_ASP397 -> ARG395_ASP397
61,LYS1123,PI,0.035,2,"sgRNA1420(sgRNA), sgRNA1422(sgRNA)",LYS1123_sgRNA1420 -> LYS1123_sgRNA1420 -> LYS1123_sgRNA1420 -> LYS1123_sgRNA1420 -> LYS1123_sgRNA1420 -> LYS1123_sgRNA1420 -> LYS1123_sgRNA1422
62,sgRNA1461,sgRNA,0.031,2,"ARG40(RuvC), LYS1211(PI)",LYS1211_sgRNA1461 -> ARG40_sgRNA1461 -> ARG40_sgRNA1461 -> LYS1211_sgRNA1461 -> ARG40_sgRNA1461 -> ARG40_sgRNA1461 -> ARG40_sgRNA1461
63,GLU1099,RuvC,0.029,2,"LYS735(RuvC), LYS1097(RuvC)",GLU1099_LYS735 -> GLU1099_LYS735 -> GLU1099_LYS1097 -> GLU1099_LYS735 -> GLU1099_LYS735 -> GLU1099_LYS735 -> GLU1099_LYS735
64,ARG115,REC1,0.027,2,"GLU108(REC1), sgRNA1396(sgRNA)",ARG115_GLU108 -> ARG115_sgRNA1396 -> ARG115_sgRNA1396 -> ARG115_sgRNA1396 -> ARG115_sgRNA1396 -> ARG115_sgRNA1396 -> ARG115_sgRNA1396
