,6-nt,8-nt,10-nt,12-nt,14-nt,16-nt,18-nt,Category
ARG457_sgRNA1427,1,1,1,0,0,0,0,Stage 1 Only
ARG919_ASP849,1,1,1,0,0,0,0,Stage 1 Only
ASP1251_LYS1255,1,1,1,0,0,0,0,Stage 1 Only
ARG1114_NTS1525,1,1,0,0,0,0,0,Stage 1 Only
ARG63_GLU60,1,1,0,0,0,0,0,Stage 1 Only
GLU493_LYS506,1,1,0,0,0,0,0,Stage 1 Only
LYS1118_NTS1524,1,1,0,0,0,0,0,Stage 1 Only
LYS1200_NTS1522,1,1,0,0,0,0,0,Stage 1 Only
ARG307_ASP397,1,0,1,0,0,0,0,Stage 1 Only
ARG115_GLU108,1,0,0,0,0,0,0,Stage 1 Only
ARG653_ASP272,1,0,0,0,0,0,0,Stage 1 Only
ARG661_sgRNA1381,1,0,0,0,0,0,0,Stage 1 Only
ARG664_ASP614,1,0,0,0,0,0,0,Stage 1 Only
ARG884_GLU532,1,0,0,0,0,0,0,Stage 1 Only
ARG895_sgRNA1376,1,0,0,0,0,0,0,Stage 1 Only
ARG919_sgRNA1377,1,0,0,0,0,0,0,Stage 1 Only
ARG925_GLU762,1,0,0,0,0,0,0,Stage 1 Only
GLU1068_LYS1003,1,0,0,0,0,0,0,Stage 1 Only
LYS234_TS1494,1,0,0,0,0,0,0,Stage 1 Only
LYS253_TS1496,1,0,0,0,0,0,0,Stage 1 Only
LYS263_NTS1510,1,0,0,0,0,0,0,Stage 1 Only
LYS500_sgRNA1381,1,0,0,0,0,0,0,Stage 1 Only
LYS536_sgRNA1374,1,0,0,0,0,0,0,Stage 1 Only
LYS536_sgRNA1373,1,0,0,0,0,0,0,Stage 1 Only
ARG1359_ASP39,0,1,0,0,0,0,0,Stage 1 Only
ARG215_ASP304,0,1,0,0,0,0,0,Stage 1 Only
ARG75_sgRNA1389,0,1,0,0,0,0,0,Stage 1 Only
ASP898_LYS902,0,1,0,0,0,0,0,Stage 1 Only
ASP969_LYS848,0,1,0,0,0,0,0,Stage 1 Only
GLU1243_LYS968,0,1,0,0,0,0,0,Stage 1 Only
LYS218_NTS1511,0,1,0,0,0,0,0,Stage 1 Only
ARG586_NTS1505,0,1,0,0,0,0,0,Stage 1 Only
ARG654_NTS1508,0,1,0,0,0,0,0,Stage 1 Only
ARG778_NTS1513,0,1,0,0,0,0,0,Stage 1 Only
ASP1012_LYS705,0,1,0,0,0,0,0,Stage 1 Only
LYS234_TS1495,0,1,0,0,0,0,0,Stage 1 Only
LYS253_TS1497,0,1,0,0,0,0,0,Stage 1 Only
LYS772_NTS1516,0,1,0,0,0,0,0,Stage 1 Only
LYS775_NTS1514,0,1,0,0,0,0,0,Stage 1 Only
GLU579_LYS565,0,0,1,0,0,0,0,Stage 1 Only
GLU809_LYS1246,0,0,1,0,0,0,0,Stage 1 Only
GLU910_LYS1024,0,0,1,0,0,0,0,Stage 1 Only
LYS65_sgRNA1421,0,0,1,0,0,0,0,Stage 1 Only
GLU1028_LYS1031,0,0,1,0,0,0,0,Stage 1 Only
ARG220_sgRNA1375,0,0,1,0,0,0,0,Stage 1 Only
ARG220_sgRNA1376,0,0,1,0,0,0,0,Stage 1 Only
ARG586_TS1498,0,0,1,0,0,0,0,Stage 1 Only
ARG1058_GLU1056,1,1,1,1,1,0,0,Stage 1 & 2
ASP912_LYS902,1,1,1,1,1,0,0,Stage 1 & 2
ASP850_LYS961,1,1,1,0,1,0,0,Stage 1 & 2
ARG905_ASP898,1,1,0,1,0,0,0,Stage 1 & 2
ARG925_GLU923,1,1,0,1,0,0,0,Stage 1 & 2
LYS30_sgRNA1452,1,1,0,1,0,0,0,Stage 1 & 2
ARG461_sgRNA1432,1,0,0,1,1,0,0,Stage 1 & 2
ASP1328_HIS1297,1,0,0,1,1,0,0,Stage 1 & 2
ASP1328_LYS1296,1,0,0,1,1,0,0,Stage 1 & 2
HIS116_sgRNA1397,1,0,0,1,1,0,0,Stage 1 & 2
LYS735_sgRNA1436,1,0,0,1,0,0,0,Stage 1 & 2
GLU809_LYS855,1,0,0,0,1,0,0,Stage 1 & 2
LYS1211_sgRNA1461,1,0,0,0,1,0,0,Stage 1 & 2
ARG895_ASP853,0,1,1,1,1,0,0,Stage 1 & 2
ARG1019_ASP1017,0,1,0,1,1,0,0,Stage 1 & 2
LYS775_NTS1516,0,1,0,1,0,0,0,Stage 1 & 2
ARG69_sgRNA1431,0,1,0,1,0,0,0,Stage 1 & 2
ARG653_ASP274,0,0,1,1,1,0,0,Stage 1 & 2
ARG1114_NTS1527,0,0,1,1,0,0,0,Stage 1 & 2
LYS1200_NTS1524,0,0,1,1,0,0,0,Stage 1 & 2
ARG1210_GLU1341,1,1,1,1,1,1,0,All Stages
GLU505_LYS665,1,1,1,1,1,1,0,All Stages
ARG1303_GLU1304,1,1,1,1,1,0,1,All Stages
GLU523_LYS526,1,1,1,0,1,1,0,All Stages
ARG1078_GLU24,1,1,0,1,1,1,1,All Stages
ARG655_GLU627,1,1,0,1,1,1,1,All Stages
ASP969_LYS1047,1,1,0,1,1,1,1,All Stages
ARG1060_GLU1064,1,1,0,1,1,0,1,All Stages
ARG395_ASP397,1,1,0,1,1,0,1,All Stages
ASP261_LYS253,1,1,0,1,0,1,0,All Stages
GLU1005_LYS954,1,1,0,0,1,1,1,All Stages
GLU874_LYS877,1,0,1,1,1,1,1,All Stages
ASP700_LYS705,1,0,1,1,1,0,1,All Stages
ARG69_sgRNA1433,1,0,1,0,1,1,1,All Stages
ARG1279_GLU1275,1,0,1,0,1,1,0,All Stages
GLU349_LYS346,1,0,0,1,1,1,1,All Stages
GLU125_HIS129,1,0,0,1,1,1,0,All Stages
ASP850_LYS848,1,0,0,1,0,1,0,All Stages
ARG115_sgRNA1396,0,1,1,1,1,1,1,All Stages
ARG63_sgRNA1384,0,1,1,1,1,1,1,All Stages
ARG780_GLU809,0,1,1,1,1,1,1,All Stages
ASP608_LYS604,0,1,1,1,1,1,1,All Stages
GLU1007_LYS918,0,1,1,1,1,1,1,All Stages
GLU1099_LYS735,0,1,1,1,1,1,1,All Stages
LYS1334_TS1476,0,1,1,1,1,1,1,All Stages
ARG40_sgRNA1461,0,1,1,0,1,1,1,All Stages
ARG424_GLU427,0,1,1,0,1,1,1,All Stages
LYS1123_sgRNA1420,0,1,0,1,1,1,1,All Stages
ARG629_ASP274,0,1,0,1,1,1,1,All Stages
LYS1097_sgRNA1437,0,1,0,1,1,1,0,All Stages
LYS742_sgRNA1437,0,1,0,1,1,1,0,All Stages
ARG635_ASP618,0,1,0,1,1,0,1,All Stages
GLU786_LYS789,0,1,0,0,1,1,1,All Stages
ARG71_sgRNA1388,0,1,0,0,1,1,0,All Stages
ARG447_GLU171,0,0,1,1,1,1,1,All Stages
ARG783_GLU779,0,0,1,1,1,1,1,All Stages
ARG820_GLU827,0,0,1,1,1,1,1,All Stages
GLU1099_LYS1097,0,0,1,1,1,1,1,All Stages
LYS268_TS1487,0,0,1,1,1,1,0,All Stages
ARG63_sgRNA1383,0,0,1,1,0,1,1,All Stages
ARG457_GLU470,0,0,0,1,1,0,0,Stage 2 Only
ARG1058_GLU1026,0,0,0,1,0,0,0,Stage 2 Only
ARG457_sgRNA1428,0,0,0,1,0,0,0,Stage 2 Only
ARG629_GLU627,0,0,0,1,0,0,0,Stage 2 Only
LYS1118_NTS1526,0,0,0,1,0,0,0,Stage 2 Only
LYS233_sgRNA1373,0,0,0,1,0,0,0,Stage 2 Only
ARG661_NTS1508,0,0,0,0,1,0,0,Stage 2 Only
ARG765_GLU923,0,0,0,0,1,0,0,Stage 2 Only
ARG919_TS1496,0,0,0,0,1,0,0,Stage 2 Only
ARG1114_NTS1529,0,0,0,0,1,0,0,Stage 2 Only
LYS1200_NTS1526,0,0,0,0,1,0,0,Stage 2 Only
ASP54_LYS1096,0,0,0,1,1,1,0,Stage 2 & 3
ARG655_TS1488,0,0,0,0,1,1,1,Stage 2 & 3
HIS930_TS1492,0,0,0,0,1,1,1,Stage 2 & 3
ARG1210_GLU1207,0,0,0,0,0,1,1,Stage 3 Only
ARG221_ASP304,0,0,0,0,0,1,1,Stage 3 Only
ARG653_ASP273,0,0,0,0,0,1,1,Stage 3 Only
ARG895_ASP849,0,0,0,0,0,1,1,Stage 3 Only
GLU786_LYS782,0,0,0,0,0,1,1,Stage 3 Only
ARG629_ASP273,0,0,0,0,0,1,1,Stage 3 Only
ARG905_TS1496,0,0,0,0,0,1,1,Stage 3 Only
ARG919_TS1495,0,0,0,0,0,1,1,Stage 3 Only
ARG925_TS1493,0,0,0,0,0,1,1,Stage 3 Only
LYS902_TS1496,0,0,0,0,0,1,1,Stage 3 Only
ARG778_TS1484,0,0,0,0,0,1,1,Stage 3 Only
ARG783_sgRNA1380,0,0,0,0,0,1,1,Stage 3 Only
LYS782_TS1485,0,0,0,0,0,1,1,Stage 3 Only
LYS782_TS1484,0,0,0,0,0,1,1,Stage 3 Only
LYS890_sgRNA1379,0,0,0,0,0,1,1,Stage 3 Only
ARG1212_GLU1341,0,0,0,0,0,1,0,Stage 3 Only
ARG215_ASP397,0,0,0,0,0,1,0,Stage 3 Only
ARG220_GLU223,0,0,0,0,0,1,0,Stage 3 Only
ARG71_sgRNA1389,0,0,0,0,0,1,0,Stage 3 Only
ARG951_ASP1012,0,0,0,0,0,1,0,Stage 3 Only
GLU1071_LYS999,0,0,0,0,0,1,0,Stage 3 Only
GLU910_LYS913,0,0,0,0,0,1,0,Stage 3 Only
ARG653_ASP276,0,0,0,0,0,1,0,Stage 3 Only
ARG661_TS1491,0,0,0,0,0,1,0,Stage 3 Only
ARG765_TS1494,0,0,0,0,0,1,0,Stage 3 Only
ARG1114_NTS1531,0,0,0,0,0,1,0,Stage 3 Only
ARG661_sgRNA1374,0,0,0,0,0,1,0,Stage 3 Only
LYS1118_NTS1530,0,0,0,0,0,1,0,Stage 3 Only
LYS1200_NTS1528,0,0,0,0,0,1,0,Stage 3 Only
LYS510_sgRNA1375,0,0,0,0,0,1,0,Stage 3 Only
LYS772_NTS1526,0,0,0,0,0,1,0,Stage 3 Only
ASP947_LYS705,0,0,0,0,0,0,1,Stage 3 Only
GLU923_LYS959,0,0,0,0,0,0,1,Stage 3 Only
ARG765_GLU762,0,0,0,0,0,0,1,Stage 3 Only
ARG1019_GLU1026,0,0,0,0,0,0,1,Stage 3 Only
ARG1060_NTS1516,0,0,0,0,0,0,1,Stage 3 Only
ARG1114_NTS1533,0,0,0,0,0,0,1,Stage 3 Only
ARG976_NTS1526,0,0,0,0,0,0,1,Stage 3 Only
ARG976_NTS1525,0,0,0,0,0,0,1,Stage 3 Only
LYS1118_NTS1532,0,0,0,0,0,0,1,Stage 3 Only
LYS1200_NTS1530,0,0,0,0,0,0,1,Stage 3 Only
LYS974_NTS1525,0,0,0,0,0,0,1,Stage 3 Only
ASP23_LYS999,1,1,1,0,0,1,1,Stage 1 & 3
GLU543_LYS546,1,0,1,0,0,0,1,Stage 1 & 3
GLU103_HIS113,0,1,1,0,0,1,1,Stage 1 & 3
LYS1123_sgRNA1422,0,1,0,0,0,1,1,Stage 1 & 3
ARG895_TS1495,0,0,1,0,0,1,1,Stage 1 & 3
ARG1114_ASP1135,0,0,1,0,0,1,0,Stage 1 & 3
