Pos_Residue,Target_Residue,Interaction_Type,Occupancy
ALA10,ALA987,Hydrophobic_Prot-Prot,0.95
ALA1023,PHE1038,Hydrophobic_Prot-Prot,0.661
ALA1023,ILE1029,Hydrophobic_Prot-Prot,0.051
ALA1034,TYR1036,Hydrophobic_Prot-Prot,0.198
ALA1034,TYR1001,Hydrophobic_Prot-Prot,0.153
ALA1053,PRO843,Hydrophobic_Prot-Prot,0.222
ALA1053,TYR1039,Hydrophobic_Prot-Prot,0.177
ALA1121,PRO1128,Hydrophobic_Prot-Prot,0.803
ALA1140,TYR1141,Hydrophobic_Prot-Prot,0.918
ALA1140,ILE1168,Hydrophobic_Prot-Prot,0.793
ALA1140,VAL1100,Hydrophobic_Prot-Prot,0.23
ALA1147,VAL1190,Hydrophobic_Prot-Prot,0.952
ALA1147,TYR1187,Hydrophobic_Prot-Prot,0.912
ALA1147,VAL1145,Hydrophobic_Prot-Prot,0.812
ALA1147,VAL1160,Hydrophobic_Prot-Prot,0.482
ALA1215,TYR1201,Hydrophobic_Prot-Prot,0.242
ALA1215,MET1213,Hydrophobic_Prot-Prot,0.087
ALA1217,LEU1163,Hydrophobic_Prot-Prot,0.543
ALA1217,VAL1139,Hydrophobic_Prot-Prot,0.22
ALA1227,sgRNA1460,Hydrophobic_Prot-NA,0.992
ALA1227,TYR981,Hydrophobic_Prot-Prot,0.99
ALA1227,PRO1090,Hydrophobic_Prot-Prot,0.152
ALA1239,ALA1306,Hydrophobic_Prot-Prot,0.995
ALA1239,VAL1259,Hydrophobic_Prot-Prot,0.783
ALA1239,ILE1302,Hydrophobic_Prot-Prot,0.65
ALA1239,PHE1235,Hydrophobic_Prot-Prot,0.493
ALA1283,ILE1281,Hydrophobic_Prot-Prot,0.832
ALA1283,LEU1315,Hydrophobic_Prot-Prot,0.341
ALA1283,LEU1287,Hydrophobic_Prot-Prot,0.176
ALA1293,TYR1326,Hydrophobic_Prot-Prot,0.957
ALA1293,PHE1327,Hydrophobic_Prot-Prot,0.23
ALA1293,ILE1331,Hydrophobic_Prot-Prot,0.053
ALA1306,LEU1236,Hydrophobic_Prot-Prot,0.831
ALA1306,LEU1266,Hydrophobic_Prot-Prot,0.278
ALA1306,PHE1235,Hydrophobic_Prot-Prot,0.082
ALA1306,ILE1310,Hydrophobic_Prot-Prot,0.057
ALA1320,PRO1321,Hydrophobic_Prot-Prot,0.89
ALA1320,NTS1523,Hydrophobic_Prot-NA,0.154
ALA1322,NTS1523,Hydrophobic_Prot-NA,0.16
ALA1323,NTS1521,Hydrophobic_Prot-NA,0.067
ALA1345,LEU1206,Hydrophobic_Prot-Prot,0.952
ALA1345,PHE1204,Hydrophobic_Prot-Prot,0.721
ALA1345,VAL1342,Hydrophobic_Prot-Prot,0.099
ALA149,LEU142,Hydrophobic_Prot-Prot,0.969
ALA149,ILE154,Hydrophobic_Prot-Prot,0.894
ALA149,LEU153,Hydrophobic_Prot-Prot,0.056
ALA157,LEU142,Hydrophobic_Prot-Prot,0.984
ALA157,LEU138,Hydrophobic_Prot-Prot,0.727
ALA157,ILE422,Hydrophobic_Prot-Prot,0.437
ALA157,ILE135,Hydrophobic_Prot-Prot,0.102
ALA159,TYR155,Hydrophobic_Prot-Prot,0.987
ALA159,LEU82,Hydrophobic_Prot-Prot,0.958
ALA159,ILE79,Hydrophobic_Prot-Prot,0.479
ALA19,TYR988,Hydrophobic_Prot-Prot,0.987
ALA19,ILE48,Hydrophobic_Prot-Prot,0.941
ALA19,ALA987,Hydrophobic_Prot-Prot,0.64
ALA19,ILE21,Hydrophobic_Prot-Prot,0.106
ALA203,VAL189,Hydrophobic_Prot-Prot,0.784
ALA203,PHE185,Hydrophobic_Prot-Prot,0.618
ALA203,ILE186,Hydrophobic_Prot-Prot,0.579
ALA203,LEU229,Hydrophobic_Prot-Prot,0.189
ALA203,VAL206,Hydrophobic_Prot-Prot,0.145
ALA203,ILE201,Hydrophobic_Prot-Prot,0.143
ALA208,PHE185,Hydrophobic_Prot-Prot,0.997
ALA208,LEU212,Hydrophobic_Prot-Prot,0.602
ALA208,LEU225,Hydrophobic_Prot-Prot,0.461
ALA208,VAL206,Hydrophobic_Prot-Prot,0.441
ALA208,VAL181,Hydrophobic_Prot-Prot,0.077
ALA214,LEU216,Hydrophobic_Prot-Prot,0.883
ALA227,sgRNA1373,Hydrophobic_Prot-NA,0.134
ALA243,LEU248,Hydrophobic_Prot-Prot,0.916
ALA243,LEU222,Hydrophobic_Prot-Prot,0.913
ALA243,PRO250,Hydrophobic_Prot-Prot,0.511
ALA259,ILE282,Hydrophobic_Prot-Prot,0.065
ALA259,PHE252,Hydrophobic_Prot-Prot,0.065
ALA259,LEU278,Hydrophobic_Prot-Prot,0.063
ALA262,LEU278,Hydrophobic_Prot-Prot,0.45
ALA262,LEU264,Hydrophobic_Prot-Prot,0.393
ALA262,PHE252,Hydrophobic_Prot-Prot,0.329
ALA262,LEU258,Hydrophobic_Prot-Prot,0.202
ALA262,TYR271,Hydrophobic_Prot-Prot,0.107
ALA287,LEU279,Hydrophobic_Prot-Prot,0.847
ALA287,LEU275,Hydrophobic_Prot-Prot,0.236
ALA287,LEU278,Hydrophobic_Prot-Prot,0.144
ALA287,ILE282,Hydrophobic_Prot-Prot,0.054
ALA292,LEU188,Hydrophobic_Prot-Prot,0.949
ALA293,LEU241,Hydrophobic_Prot-Prot,0.801
ALA293,LEU188,Hydrophobic_Prot-Prot,0.585
ALA293,LEU244,Hydrophobic_Prot-Prot,0.471
ALA293,LEU266,Hydrophobic_Prot-Prot,0.209
ALA299,LEU184,Hydrophobic_Prot-Prot,0.981
ALA299,VAL181,Hydrophobic_Prot-Prot,0.935
ALA315,VAL143,Hydrophobic_Prot-Prot,0.973
ALA315,PRO316,Hydrophobic_Prot-Prot,0.402
ALA319,VAL308,Hydrophobic_Prot-Prot,0.909
ALA360,sgRNA1413,Hydrophobic_Prot-NA,0.155
ALA367,TYR362,Hydrophobic_Prot-Prot,0.069
ALA421,VAL143,Hydrophobic_Prot-Prot,0.973
ALA456,ALA463,Hydrophobic_Prot-Prot,0.894
ALA456,MET465,Hydrophobic_Prot-Prot,0.087
ALA456,PRO454,Hydrophobic_Prot-Prot,0.072
ALA463,PRO454,Hydrophobic_Prot-Prot,0.736
ALA463,MET465,Hydrophobic_Prot-Prot,0.112
ALA488,TYR451,Hydrophobic_Prot-Prot,0.999
ALA488,PHE626,Hydrophobic_Prot-Prot,0.985
ALA488,MET631,Hydrophobic_Prot-Prot,0.811
ALA50,ILE1094,Hydrophobic_Prot-Prot,0.846
ALA50,LEU52,Hydrophobic_Prot-Prot,0.517
ALA50,ALA984,Hydrophobic_Prot-Prot,0.182
ALA538,MET534,Hydrophobic_Prot-Prot,0.837
ALA538,TYR529,Hydrophobic_Prot-Prot,0.703
ALA547,TYR568,Hydrophobic_Prot-Prot,0.922
ALA547,LEU551,Hydrophobic_Prot-Prot,0.423
ALA589,VAL520,Hydrophobic_Prot-Prot,0.93
ALA589,PHE587,Hydrophobic_Prot-Prot,0.212
ALA589,PHE553,Hydrophobic_Prot-Prot,0.104
ALA59,sgRNA1434,Hydrophobic_Prot-NA,0.663
ALA59,PRO731,Hydrophobic_Prot-Prot,0.1
ALA640,MET648,Hydrophobic_Prot-Prot,0.686
ALA68,TYR72,Hydrophobic_Prot-Prot,0.809
ALA689,PHE688,Hydrophobic_Prot-Prot,0.329
ALA711,LEU502,Hydrophobic_Prot-Prot,0.849
ALA711,PRO503,Hydrophobic_Prot-Prot,0.833
ALA725,sgRNA1435,Hydrophobic_Prot-NA,0.169
ALA725,sgRNA1436,Hydrophobic_Prot-NA,0.148
ALA732,PHE53,Hydrophobic_Prot-Prot,0.1
ALA889,LEU791,Hydrophobic_Prot-Prot,0.946
ALA889,LEU891,Hydrophobic_Prot-Prot,0.876
ALA903,VAL870,Hydrophobic_Prot-Prot,0.689
ALA903,VAL876,Hydrophobic_Prot-Prot,0.648
ALA903,PRO871,Hydrophobic_Prot-Prot,0.065
ALA914,VAL1018,Hydrophobic_Prot-Prot,0.864
ALA914,ILE1022,Hydrophobic_Prot-Prot,0.855
ALA914,MET1021,Hydrophobic_Prot-Prot,0.143
ALA914,LEU911,Hydrophobic_Prot-Prot,0.068
ALA932,TYR1010,Hydrophobic_Prot-Prot,0.973
ALA932,VAL955,Hydrophobic_Prot-Prot,0.94
ALA932,ILE761,Hydrophobic_Prot-Prot,0.504
ALA984,ILE48,Hydrophobic_Prot-Prot,0.994
ALA984,VAL1092,Hydrophobic_Prot-Prot,0.935
ALA984,ILE1094,Hydrophobic_Prot-Prot,0.09
ALA991,ILE21,Hydrophobic_Prot-Prot,0.998
ALA991,VAL760,Hydrophobic_Prot-Prot,0.182
ALA996,PHE1046,Hydrophobic_Prot-Prot,0.956
ALA996,TYR25,Hydrophobic_Prot-Prot,0.842
ALA996,PHE1045,Hydrophobic_Prot-Prot,0.511
ALA996,TRP1074,Hydrophobic_Prot-Prot,0.351
ALA996,VAL1073,Hydrophobic_Prot-Prot,0.219
ILE1022,ILE917,Hydrophobic_Prot-Prot,0.86
ILE1022,PHE1037,Hydrophobic_Prot-Prot,0.767
ILE1022,MET1021,Hydrophobic_Prot-Prot,0.423
ILE1022,VAL1018,Hydrophobic_Prot-Prot,0.342
ILE1029,TYR1036,Hydrophobic_Prot-Prot,0.126
ILE1042,LEU997,Hydrophobic_Prot-Prot,0.906
ILE1042,LEU921,Hydrophobic_Prot-Prot,0.897
ILE1042,ILE917,Hydrophobic_Prot-Prot,0.797
ILE1042,PHE1037,Hydrophobic_Prot-Prot,0.792
ILE1042,LEU962,Hydrophobic_Prot-Prot,0.706
ILE1042,MET1043,Hydrophobic_Prot-Prot,0.518
ILE1042,TYR1001,Hydrophobic_Prot-Prot,0.5
ILE1042,LEU1004,Hydrophobic_Prot-Prot,0.329
ILE1042,PHE1045,Hydrophobic_Prot-Prot,0.147
ILE1042,MET1021,Hydrophobic_Prot-Prot,0.074
ILE1042,PHE1046,Hydrophobic_Prot-Prot,0.064
ILE1050,LEU1052,Hydrophobic_Prot-Prot,0.681
ILE1050,TYR1039,Hydrophobic_Prot-Prot,0.396
ILE1057,PRO1249,Hydrophobic_Prot-Prot,0.056
ILE1063,ILE1072,Hydrophobic_Prot-Prot,0.965
ILE1063,LEU1062,Hydrophobic_Prot-Prot,0.292
ILE1094,TYR981,Hydrophobic_Prot-Prot,0.975
ILE1094,LEU52,Hydrophobic_Prot-Prot,0.941
ILE1094,LEU1318,Hydrophobic_Prot-Prot,0.904
ILE1094,VAL1092,Hydrophobic_Prot-Prot,0.709
ILE11,MET763,Hydrophobic_Prot-Prot,0.965
ILE11,ILE761,Hydrophobic_Prot-Prot,0.818
ILE11,VAL16,Hydrophobic_Prot-Prot,0.637
ILE11,VAL931,Hydrophobic_Prot-Prot,0.523
ILE11,LEU9,Hydrophobic_Prot-Prot,0.348
ILE11,ILE737,Hydrophobic_Prot-Prot,0.242
ILE11,ILE733,Hydrophobic_Prot-Prot,0.199
ILE1110,PHE1134,Hydrophobic_Prot-Prot,0.827
ILE1110,sgRNA1419,Hydrophobic_Prot-NA,0.584
ILE1110,sgRNA1392,Hydrophobic_Prot-NA,0.191
ILE1110,sgRNA1393,Hydrophobic_Prot-NA,0.184
ILE1120,PRO1137,Hydrophobic_Prot-Prot,0.799
ILE1120,PHE1134,Hydrophobic_Prot-Prot,0.793
ILE1120,MET1169,Hydrophobic_Prot-Prot,0.624
ILE1120,PHE1105,Hydrophobic_Prot-Prot,0.186
ILE1166,VAL1143,Hydrophobic_Prot-Prot,0.987
ILE1166,PHE1174,Hydrophobic_Prot-Prot,0.979
ILE1166,PHE1181,Hydrophobic_Prot-Prot,0.977
ILE1166,TYR1141,Hydrophobic_Prot-Prot,0.962
ILE1166,LEU1164,Hydrophobic_Prot-Prot,0.557
ILE1168,PHE1105,Hydrophobic_Prot-Prot,0.803
ILE1168,PRO1137,Hydrophobic_Prot-Prot,0.242
ILE1179,ILE1195,Hydrophobic_Prot-Prot,0.766
ILE1179,VAL1190,Hydrophobic_Prot-Prot,0.684
ILE1179,PRO1178,Hydrophobic_Prot-Prot,0.397
ILE1179,LEU1182,Hydrophobic_Prot-Prot,0.065
ILE118,PHE119,Hydrophobic_Prot-Prot,0.997
ILE118,LEU156,Hydrophobic_Prot-Prot,0.893
ILE118,TYR128,Hydrophobic_Prot-Prot,0.653
ILE118,PRO117,Hydrophobic_Prot-Prot,0.49
ILE118,LEU153,Hydrophobic_Prot-Prot,0.488
ILE118,PHE97,Hydrophobic_Prot-Prot,0.487
ILE118,LEU101,Hydrophobic_Prot-Prot,0.325
ILE1195,VAL1143,Hydrophobic_Prot-Prot,0.924
ILE1195,VAL1190,Hydrophobic_Prot-Prot,0.922
ILE1195,LEU1182,Hydrophobic_Prot-Prot,0.769
ILE1195,PRO1178,Hydrophobic_Prot-Prot,0.501
ILE1195,PHE1174,Hydrophobic_Prot-Prot,0.496
ILE1195,VAL1145,Hydrophobic_Prot-Prot,0.158
ILE1195,VAL1146,Hydrophobic_Prot-Prot,0.063
ILE1196,LEU1144,Hydrophobic_Prot-Prot,0.907
ILE1196,LEU1198,Hydrophobic_Prot-Prot,0.791
ILE1196,LEU1347,Hydrophobic_Prot-Prot,0.785
ILE1196,ILE1360,Hydrophobic_Prot-Prot,0.284
ILE1196,LEU1362,Hydrophobic_Prot-Prot,0.183
ILE1196,LEU1365,Hydrophobic_Prot-Prot,0.135
ILE1196,LEU1194,Hydrophobic_Prot-Prot,0.113
ILE122,VAL126,Hydrophobic_Prot-Prot,0.863
ILE122,VAL123,Hydrophobic_Prot-Prot,0.83
ILE122,sgRNA1398,Hydrophobic_Prot-NA,0.254
ILE1269,ILE1309,Hydrophobic_Prot-Prot,0.982
ILE1269,TYR1232,Hydrophobic_Prot-Prot,0.932
ILE1269,LEU1236,Hydrophobic_Prot-Prot,0.903
ILE1269,PHE1313,Hydrophobic_Prot-Prot,0.897
ILE1269,ILE1273,Hydrophobic_Prot-Prot,0.855
ILE1269,PHE1235,Hydrophobic_Prot-Prot,0.654
ILE1269,TYR1265,Hydrophobic_Prot-Prot,0.55
ILE1269,LEU1228,Hydrophobic_Prot-Prot,0.412
ILE1269,LEU1266,Hydrophobic_Prot-Prot,0.091
ILE1270,TYR1294,Hydrophobic_Prot-Prot,0.993
ILE1270,LEU1312,Hydrophobic_Prot-Prot,0.924
ILE1270,LEU1291,Hydrophobic_Prot-Prot,0.897
ILE1270,ILE1309,Hydrophobic_Prot-Prot,0.852
ILE1270,VAL1290,Hydrophobic_Prot-Prot,0.209
ILE1270,ILE1273,Hydrophobic_Prot-Prot,0.155
ILE1270,TYR1326,Hydrophobic_Prot-Prot,0.066
ILE1273,PHE1313,Hydrophobic_Prot-Prot,0.982
ILE1273,LEU1312,Hydrophobic_Prot-Prot,0.967
ILE1273,LEU1226,Hydrophobic_Prot-Prot,0.836
ILE1273,LEU1315,Hydrophobic_Prot-Prot,0.306
ILE1273,ILE1309,Hydrophobic_Prot-Prot,0.249
ILE1273,LEU1287,Hydrophobic_Prot-Prot,0.174
ILE1281,PHE1276,Hydrophobic_Prot-Prot,0.855
ILE1281,VAL1280,Hydrophobic_Prot-Prot,0.562
ILE1281,LEU1315,Hydrophobic_Prot-Prot,0.415
ILE1302,VAL1259,Hydrophobic_Prot-Prot,0.852
ILE1302,LEU1266,Hydrophobic_Prot-Prot,0.806
ILE1302,PHE1235,Hydrophobic_Prot-Prot,0.588
ILE1302,TYR1242,Hydrophobic_Prot-Prot,0.267
ILE1309,LEU1266,Hydrophobic_Prot-Prot,0.956
ILE1309,LEU1236,Hydrophobic_Prot-Prot,0.914
ILE1309,PHE1313,Hydrophobic_Prot-Prot,0.889
ILE1309,TYR1294,Hydrophobic_Prot-Prot,0.448
ILE1309,TYR1326,Hydrophobic_Prot-Prot,0.374
ILE1309,LEU1312,Hydrophobic_Prot-Prot,0.345
ILE1310,VAL975,Hydrophobic_Prot-Prot,0.896
ILE1310,LEU1236,Hydrophobic_Prot-Prot,0.824
ILE1310,ILE978,Hydrophobic_Prot-Prot,0.393
ILE1310,PHE1313,Hydrophobic_Prot-Prot,0.136
ILE1310,NTS1520,Hydrophobic_Prot-NA,0.103
ILE1310,NTS1517,Hydrophobic_Prot-NA,0.101
ILE1331,PHE1324,Hydrophobic_Prot-Prot,0.985
ILE1331,VAL1290,Hydrophobic_Prot-Prot,0.856
ILE1331,TYR1326,Hydrophobic_Prot-Prot,0.629
ILE1331,LEU1315,Hydrophobic_Prot-Prot,0.146
ILE1348,LEU1203,Hydrophobic_Prot-Prot,0.94
ILE135,TYR136,Hydrophobic_Prot-Prot,0.94
ILE135,LEU138,Hydrophobic_Prot-Prot,0.727
ILE135,LEU156,Hydrophobic_Prot-Prot,0.692
ILE1352,LEU51,Hydrophobic_Prot-Prot,0.993
ILE1352,VAL743,Hydrophobic_Prot-Prot,0.98
ILE1352,sgRNA1438,Hydrophobic_Prot-NA,0.06
ILE1360,LEU1362,Hydrophobic_Prot-Prot,0.838
ILE1360,LEU1347,Hydrophobic_Prot-Prot,0.787
ILE1360,LEU1365,Hydrophobic_Prot-Prot,0.101
ILE154,TYR430,Hydrophobic_Prot-Prot,0.997
ILE154,LEU158,Hydrophobic_Prot-Prot,0.903
ILE154,LEU142,Hydrophobic_Prot-Prot,0.772
ILE154,PHE86,Hydrophobic_Prot-Prot,0.649
ILE154,LEU433,Hydrophobic_Prot-Prot,0.508
ILE154,LEU151,Hydrophobic_Prot-Prot,0.486
ILE154,ILE422,Hydrophobic_Prot-Prot,0.177
ILE162,ILE443,Hydrophobic_Prot-Prot,0.994
ILE162,LEU82,Hydrophobic_Prot-Prot,0.938
ILE162,LEU444,Hydrophobic_Prot-Prot,0.875
ILE162,LEU419,Hydrophobic_Prot-Prot,0.754
ILE162,ILE79,Hydrophobic_Prot-Prot,0.541
ILE162,ILE440,Hydrophobic_Prot-Prot,0.515
ILE162,LEU158,Hydrophobic_Prot-Prot,0.19
ILE170,LEU301,Hydrophobic_Prot-Prot,0.85
ILE170,LEU174,Hydrophobic_Prot-Prot,0.809
ILE170,PRO411,Hydrophobic_Prot-Prot,0.545
ILE170,LEU169,Hydrophobic_Prot-Prot,0.165
ILE170,LEU266,Hydrophobic_Prot-Prot,0.117
ILE186,PHE185,Hydrophobic_Prot-Prot,0.38
ILE201,TYR192,Hydrophobic_Prot-Prot,0.985
ILE201,PHE238,Hydrophobic_Prot-Prot,0.977
ILE201,LEU229,Hydrophobic_Prot-Prot,0.883
ILE201,VAL189,Hydrophobic_Prot-Prot,0.842
ILE201,PRO230,Hydrophobic_Prot-Prot,0.059
ILE21,TYR988,Hydrophobic_Prot-Prot,0.998
ILE21,TYR25,Hydrophobic_Prot-Prot,0.768
ILE21,VAL992,Hydrophobic_Prot-Prot,0.555
ILE21,VAL27,Hydrophobic_Prot-Prot,0.413
ILE211,LEU225,Hydrophobic_Prot-Prot,0.978
ILE211,VAL206,Hydrophobic_Prot-Prot,0.408
ILE211,LEU212,Hydrophobic_Prot-Prot,0.229
ILE211,sgRNA1374,Hydrophobic_Prot-NA,0.098
ILE226,LEU222,Hydrophobic_Prot-Prot,0.84
ILE226,LEU229,Hydrophobic_Prot-Prot,0.504
ILE226,LEU225,Hydrophobic_Prot-Prot,0.316
ILE226,PHE238,Hydrophobic_Prot-Prot,0.285
ILE226,ILE242,Hydrophobic_Prot-Prot,0.129
ILE242,PHE238,Hydrophobic_Prot-Prot,0.988
ILE242,LEU222,Hydrophobic_Prot-Prot,0.979
ILE242,LEU225,Hydrophobic_Prot-Prot,0.917
ILE242,LEU246,Hydrophobic_Prot-Prot,0.905
ILE242,LEU188,Hydrophobic_Prot-Prot,0.807
ILE242,PHE185,Hydrophobic_Prot-Prot,0.787
ILE242,LEU212,Hydrophobic_Prot-Prot,0.716
ILE242,LEU296,Hydrophobic_Prot-Prot,0.518
ILE282,TYR286,Hydrophobic_Prot-Prot,0.977
ILE282,LEU278,Hydrophobic_Prot-Prot,0.804
ILE282,LEU258,Hydrophobic_Prot-Prot,0.632
ILE282,LEU237,Hydrophobic_Prot-Prot,0.422
ILE282,LEU195,Hydrophobic_Prot-Prot,0.301
ILE282,PHE196,Hydrophobic_Prot-Prot,0.219
ILE282,PHE290,Hydrophobic_Prot-Prot,0.194
ILE282,PHE252,Hydrophobic_Prot-Prot,0.133
ILE282,LEU279,Hydrophobic_Prot-Prot,0.132
ILE300,LEU296,Hydrophobic_Prot-Prot,0.941
ILE300,LEU212,Hydrophobic_Prot-Prot,0.935
ILE300,VAL181,Hydrophobic_Prot-Prot,0.914
ILE300,LEU246,Hydrophobic_Prot-Prot,0.596
ILE305,ILE410,Hydrophobic_Prot-Prot,0.851
ILE305,PRO411,Hydrophobic_Prot-Prot,0.746
ILE305,LEU306,Hydrophobic_Prot-Prot,0.688
ILE305,ILE414,Hydrophobic_Prot-Prot,0.559
ILE305,LEU317,Hydrophobic_Prot-Prot,0.507
ILE305,LEU301,Hydrophobic_Prot-Prot,0.385
ILE305,LEU302,Hydrophobic_Prot-Prot,0.197
ILE312,VAL308,Hydrophobic_Prot-Prot,0.796
ILE322,TYR136,Hydrophobic_Prot-Prot,0.436
ILE350,PHE351,Hydrophobic_Prot-Prot,1.0
ILE350,VAL339,Hydrophobic_Prot-Prot,0.974
ILE350,ILE379,Hydrophobic_Prot-Prot,0.911
ILE350,PHE375,Hydrophobic_Prot-Prot,0.783
ILE350,ILE376,Hydrophobic_Prot-Prot,0.713
ILE350,TYR359,Hydrophobic_Prot-Prot,0.606
ILE350,LEU335,Hydrophobic_Prot-Prot,0.125
ILE363,TYR359,Hydrophobic_Prot-Prot,0.998
ILE363,TYR362,Hydrophobic_Prot-Prot,0.979
ILE363,sgRNA1413,Hydrophobic_Prot-NA,0.11
ILE376,PHE372,Hydrophobic_Prot-Prot,0.953
ILE376,LEU380,Hydrophobic_Prot-Prot,0.921
ILE376,LEU393,Hydrophobic_Prot-Prot,0.889
ILE376,PHE375,Hydrophobic_Prot-Prot,0.634
ILE376,ILE379,Hydrophobic_Prot-Prot,0.574
ILE376,LEU398,Hydrophobic_Prot-Prot,0.522
ILE376,LEU335,Hydrophobic_Prot-Prot,0.482
ILE376,TYR373,Hydrophobic_Prot-Prot,0.157
ILE379,LEU343,Hydrophobic_Prot-Prot,0.894
ILE379,MET383,Hydrophobic_Prot-Prot,0.793
ILE379,PHE375,Hydrophobic_Prot-Prot,0.786
ILE379,VAL339,Hydrophobic_Prot-Prot,0.106
ILE410,PRO411,Hydrophobic_Prot-Prot,0.999
ILE410,LEU317,Hydrophobic_Prot-Prot,0.972
ILE410,ILE414,Hydrophobic_Prot-Prot,0.623
ILE410,MET321,Hydrophobic_Prot-Prot,0.154
ILE410,LEU306,Hydrophobic_Prot-Prot,0.091
ILE414,PRO411,Hydrophobic_Prot-Prot,0.922
ILE414,LEU302,Hydrophobic_Prot-Prot,0.899
ILE414,LEU317,Hydrophobic_Prot-Prot,0.853
ILE414,LEU306,Hydrophobic_Prot-Prot,0.49
ILE414,PRO176,Hydrophobic_Prot-Prot,0.47
ILE414,LEU174,Hydrophobic_Prot-Prot,0.383
ILE414,PRO316,Hydrophobic_Prot-Prot,0.202
ILE422,VAL143,Hydrophobic_Prot-Prot,0.987
ILE422,LEU142,Hydrophobic_Prot-Prot,0.975
ILE422,LEU158,Hydrophobic_Prot-Prot,0.795
ILE422,MET161,Hydrophobic_Prot-Prot,0.71
ILE43,VAL34,Hydrophobic_Prot-Prot,0.972
ILE43,PHE32,Hydrophobic_Prot-Prot,0.23
ILE440,LEU423,Hydrophobic_Prot-Prot,0.961
ILE440,ILE85,Hydrophobic_Prot-Prot,0.866
ILE440,LEU82,Hydrophobic_Prot-Prot,0.857
ILE440,LEU419,Hydrophobic_Prot-Prot,0.715
ILE440,LEU433,Hydrophobic_Prot-Prot,0.708
ILE440,PHE86,Hydrophobic_Prot-Prot,0.631
ILE440,LEU158,Hydrophobic_Prot-Prot,0.342
ILE440,ILE443,Hydrophobic_Prot-Prot,0.055
ILE443,TYR81,Hydrophobic_Prot-Prot,0.98
ILE443,ILE85,Hydrophobic_Prot-Prot,0.92
ILE443,TRP476,Hydrophobic_Prot-Prot,0.859
ILE443,LEU82,Hydrophobic_Prot-Prot,0.638
ILE443,PRO475,Hydrophobic_Prot-Prot,0.156
ILE448,PRO449,Hydrophobic_Prot-Prot,1.0
ILE448,LEU455,Hydrophobic_Prot-Prot,0.995
ILE448,VAL452,Hydrophobic_Prot-Prot,0.622
ILE448,PHE446,Hydrophobic_Prot-Prot,0.576
ILE448,sgRNA1429,Hydrophobic_Prot-NA,0.56
ILE448,PHE478,Hydrophobic_Prot-Prot,0.3
ILE473,VAL481,Hydrophobic_Prot-Prot,0.999
ILE473,LEU455,Hydrophobic_Prot-Prot,0.999
ILE473,VAL482,Hydrophobic_Prot-Prot,0.982
ILE473,PHE478,Hydrophobic_Prot-Prot,0.973
ILE473,MET465,Hydrophobic_Prot-Prot,0.73
ILE473,sgRNA1429,Hydrophobic_Prot-NA,0.608
ILE48,VAL27,Hydrophobic_Prot-Prot,0.993
ILE48,TYR988,Hydrophobic_Prot-Prot,0.91
ILE48,VAL1092,Hydrophobic_Prot-Prot,0.906
ILE48,VAL1086,Hydrophobic_Prot-Prot,0.876
ILE48,MET1089,Hydrophobic_Prot-Prot,0.409
ILE492,LEU625,Hydrophobic_Prot-Prot,0.98
ILE492,TRP659,Hydrophobic_Prot-Prot,0.932
ILE492,PHE491,Hydrophobic_Prot-Prot,0.843
ILE492,PHE626,Hydrophobic_Prot-Prot,0.199
ILE548,TYR568,Hydrophobic_Prot-Prot,0.996
ILE548,PHE553,Hydrophobic_Prot-Prot,0.993
ILE548,LEU540,Hydrophobic_Prot-Prot,0.984
ILE548,LEU524,Hydrophobic_Prot-Prot,0.978
ILE548,LEU564,Hydrophobic_Prot-Prot,0.972
ILE548,LEU552,Hydrophobic_Prot-Prot,0.629
ILE548,PHE569,Hydrophobic_Prot-Prot,0.198
ILE572,TYR568,Hydrophobic_Prot-Prot,0.966
ILE572,LEU551,Hydrophobic_Prot-Prot,0.846
ILE580,PHE569,Hydrophobic_Prot-Prot,0.941
ILE580,VAL527,Hydrophobic_Prot-Prot,0.921
ILE580,VAL583,Hydrophobic_Prot-Prot,0.906
ILE580,LEU564,Hydrophobic_Prot-Prot,0.903
ILE580,VAL561,Hydrophobic_Prot-Prot,0.853
ILE580,VAL578,Hydrophobic_Prot-Prot,0.772
ILE580,TYR529,Hydrophobic_Prot-Prot,0.771
ILE600,LEU651,Hydrophobic_Prot-Prot,0.968
ILE600,VAL647,Hydrophobic_Prot-Prot,0.804
ILE600,ILE601,Hydrophobic_Prot-Prot,0.603
ILE600,LEU597,Hydrophobic_Prot-Prot,0.29
ILE601,PHE606,Hydrophobic_Prot-Prot,0.94
ILE601,PHE643,Hydrophobic_Prot-Prot,0.849
ILE601,LEU607,Hydrophobic_Prot-Prot,0.742
ILE601,VAL647,Hydrophobic_Prot-Prot,0.674
ILE601,LEU597,Hydrophobic_Prot-Prot,0.654
ILE601,LEU616,Hydrophobic_Prot-Prot,0.568
ILE601,LEU651,Hydrophobic_Prot-Prot,0.187
ILE615,TYR639,Hydrophobic_Prot-Prot,0.981
ILE615,ILE619,Hydrophobic_Prot-Prot,0.878
ILE615,LEU642,Hydrophobic_Prot-Prot,0.803
ILE615,PHE643,Hydrophobic_Prot-Prot,0.157
ILE615,PHE606,Hydrophobic_Prot-Prot,0.113
ILE619,LEU623,Hydrophobic_Prot-Prot,0.934
ILE619,LEU636,Hydrophobic_Prot-Prot,0.905
ILE619,LEU651,Hydrophobic_Prot-Prot,0.877
ILE619,PHE643,Hydrophobic_Prot-Prot,0.875
ILE619,TYR639,Hydrophobic_Prot-Prot,0.643
ILE619,LEU616,Hydrophobic_Prot-Prot,0.298
ILE619,LEU597,Hydrophobic_Prot-Prot,0.26
ILE619,VAL620,Hydrophobic_Prot-Prot,0.075
ILE632,LEU623,Hydrophobic_Prot-Prot,0.974
ILE632,PHE626,Hydrophobic_Prot-Prot,0.972
ILE632,LEU636,Hydrophobic_Prot-Prot,0.928
ILE667,PHE518,Hydrophobic_Prot-Prot,0.999
ILE667,LEU508,Hydrophobic_Prot-Prot,0.963
ILE667,LEU514,Hydrophobic_Prot-Prot,0.943
ILE667,LEU662,Hydrophobic_Prot-Prot,0.927
ILE667,LEU680,Hydrophobic_Prot-Prot,0.906
ILE667,TYR515,Hydrophobic_Prot-Prot,0.541
ILE667,LEU666,Hydrophobic_Prot-Prot,0.284
ILE670,PHE704,Hydrophobic_Prot-Prot,0.978
ILE670,LEU666,Hydrophobic_Prot-Prot,0.731
ILE670,LEU502,Hydrophobic_Prot-Prot,0.636
ILE670,ILE679,Hydrophobic_Prot-Prot,0.494
ILE670,ILE708,Hydrophobic_Prot-Prot,0.295
ILE679,PHE704,Hydrophobic_Prot-Prot,0.999
ILE679,PHE693,Hydrophobic_Prot-Prot,0.953
ILE679,LEU696,Hydrophobic_Prot-Prot,0.907
ILE679,ILE697,Hydrophobic_Prot-Prot,0.826
ILE679,PHE518,Hydrophobic_Prot-Prot,0.753
ILE679,LEU683,Hydrophobic_Prot-Prot,0.617
ILE679,LEU666,Hydrophobic_Prot-Prot,0.428
ILE697,PHE693,Hydrophobic_Prot-Prot,0.973
ILE697,ILE708,Hydrophobic_Prot-Prot,0.955
ILE697,PHE704,Hydrophobic_Prot-Prot,0.364
ILE697,LEU666,Hydrophobic_Prot-Prot,0.195
ILE697,MET694,Hydrophobic_Prot-Prot,0.186
ILE697,LEU696,Hydrophobic_Prot-Prot,0.067
ILE7,TYR5,Hydrophobic_Prot-Prot,0.979
ILE7,PRO756,Hydrophobic_Prot-Prot,0.952
ILE7,LEU747,Hydrophobic_Prot-Prot,0.95
ILE7,LEU9,Hydrophobic_Prot-Prot,0.907
ILE7,ILE759,Hydrophobic_Prot-Prot,0.773
ILE7,VAL20,Hydrophobic_Prot-Prot,0.565
ILE7,VAL744,Hydrophobic_Prot-Prot,0.562
ILE7,VAL748,Hydrophobic_Prot-Prot,0.211
ILE708,LEU666,Hydrophobic_Prot-Prot,0.725
ILE708,LEU502,Hydrophobic_Prot-Prot,0.618
ILE708,PHE704,Hydrophobic_Prot-Prot,0.232
ILE724,ILE737,Hydrophobic_Prot-Prot,0.967
ILE724,LEU738,Hydrophobic_Prot-Prot,0.942
ILE724,LEU720,Hydrophobic_Prot-Prot,0.852
ILE724,ILE934,Hydrophobic_Prot-Prot,0.722
ILE724,LEU727,Hydrophobic_Prot-Prot,0.462
ILE724,VAL741,Hydrophobic_Prot-Prot,0.327
ILE733,ILE927,Hydrophobic_Prot-Prot,0.886
ILE733,ILE737,Hydrophobic_Prot-Prot,0.837
ILE733,MET763,Hydrophobic_Prot-Prot,0.794
ILE733,LEU727,Hydrophobic_Prot-Prot,0.09
ILE737,VAL931,Hydrophobic_Prot-Prot,0.988
ILE737,LEU727,Hydrophobic_Prot-Prot,0.764
ILE737,ILE927,Hydrophobic_Prot-Prot,0.674
ILE737,ILE934,Hydrophobic_Prot-Prot,0.605
ILE737,MET763,Hydrophobic_Prot-Prot,0.507
ILE737,VAL741,Hydrophobic_Prot-Prot,0.195
ILE759,PRO756,Hydrophobic_Prot-Prot,0.969
ILE759,VAL953,Hydrophobic_Prot-Prot,0.964
ILE759,LEU9,Hydrophobic_Prot-Prot,0.935
ILE759,MET939,Hydrophobic_Prot-Prot,0.919
ILE759,VAL744,Hydrophobic_Prot-Prot,0.779
ILE759,LEU935,Hydrophobic_Prot-Prot,0.645
ILE759,VAL955,Hydrophobic_Prot-Prot,0.513
ILE759,ILE761,Hydrophobic_Prot-Prot,0.467
ILE761,VAL955,Hydrophobic_Prot-Prot,0.915
ILE761,LEU935,Hydrophobic_Prot-Prot,0.9
ILE761,VAL931,Hydrophobic_Prot-Prot,0.867
ILE761,LEU9,Hydrophobic_Prot-Prot,0.774
ILE761,MET763,Hydrophobic_Prot-Prot,0.276
ILE784,TYR815,Hydrophobic_Prot-Prot,0.999
ILE784,TYR812,Hydrophobic_Prot-Prot,0.989
ILE784,LEU806,Hydrophobic_Prot-Prot,0.922
ILE784,ILE788,Hydrophobic_Prot-Prot,0.899
ILE784,LEU816,Hydrophobic_Prot-Prot,0.867
ILE784,LEU796,Hydrophobic_Prot-Prot,0.827
ILE784,MET781,Hydrophobic_Prot-Prot,0.396
ILE784,LEU891,Hydrophobic_Prot-Prot,0.191
ILE784,VAL801,Hydrophobic_Prot-Prot,0.103
ILE788,ILE795,Hydrophobic_Prot-Prot,0.979
ILE788,LEU796,Hydrophobic_Prot-Prot,0.824
ILE788,LEU891,Hydrophobic_Prot-Prot,0.503
ILE788,LEU791,Hydrophobic_Prot-Prot,0.284
ILE788,TYR815,Hydrophobic_Prot-Prot,0.083
ILE788,sgRNA1376,Hydrophobic_Prot-NA,0.051
ILE79,TYR155,Hydrophobic_Prot-Prot,0.168
ILE79,LEU82,Hydrophobic_Prot-Prot,0.139
ILE795,TYR815,Hydrophobic_Prot-Prot,0.923
ILE795,TYR814,Hydrophobic_Prot-Prot,0.851
ILE795,LEU796,Hydrophobic_Prot-Prot,0.603
ILE830,TYR814,Hydrophobic_Prot-Prot,0.989
ILE830,LEU811,Hydrophobic_Prot-Prot,0.789
ILE830,TYR815,Hydrophobic_Prot-Prot,0.598
ILE830,LEU833,Hydrophobic_Prot-Prot,0.511
ILE841,VAL856,Hydrophobic_Prot-Prot,0.998
ILE841,LEU900,Hydrophobic_Prot-Prot,0.992
ILE841,PRO871,Hydrophobic_Prot-Prot,0.918
ILE841,VAL870,Hydrophobic_Prot-Prot,0.315
ILE841,VAL842,Hydrophobic_Prot-Prot,0.231
ILE85,PHE432,Hydrophobic_Prot-Prot,0.839
ILE85,PHE86,Hydrophobic_Prot-Prot,0.822
ILE85,TRP476,Hydrophobic_Prot-Prot,0.388
ILE85,LEU82,Hydrophobic_Prot-Prot,0.07
ILE852,TYR812,Hydrophobic_Prot-Prot,0.959
ILE852,LEU813,Hydrophobic_Prot-Prot,0.833
ILE852,LEU816,Hydrophobic_Prot-Prot,0.805
ILE892,LEU886,Hydrophobic_Prot-Prot,0.989
ILE892,PHE897,Hydrophobic_Prot-Prot,0.978
ILE892,LEU887,Hydrophobic_Prot-Prot,0.908
ILE892,TRP883,Hydrophobic_Prot-Prot,0.79
ILE892,LEU900,Hydrophobic_Prot-Prot,0.7
ILE892,MET822,Hydrophobic_Prot-Prot,0.691
ILE917,PHE1037,Hydrophobic_Prot-Prot,0.971
ILE917,LEU921,Hydrophobic_Prot-Prot,0.587
ILE917,MET1021,Hydrophobic_Prot-Prot,0.527
ILE917,LEU1004,Hydrophobic_Prot-Prot,0.457
ILE927,MET763,Hydrophobic_Prot-Prot,0.82
ILE927,LEU727,Hydrophobic_Prot-Prot,0.495
ILE927,VAL931,Hydrophobic_Prot-Prot,0.116
ILE934,VAL741,Hydrophobic_Prot-Prot,0.911
ILE934,LEU720,Hydrophobic_Prot-Prot,0.691
ILE934,LEU727,Hydrophobic_Prot-Prot,0.44
ILE934,LEU935,Hydrophobic_Prot-Prot,0.104
ILE956,PHE1008,Hydrophobic_Prot-Prot,0.985
ILE956,VAL1009,Hydrophobic_Prot-Prot,0.963
ILE956,VAL760,Hydrophobic_Prot-Prot,0.961
ILE956,ILE998,Hydrophobic_Prot-Prot,0.856
ILE956,LEU958,Hydrophobic_Prot-Prot,0.593
ILE978,PHE1313,Hydrophobic_Prot-Prot,0.999
ILE978,VAL975,Hydrophobic_Prot-Prot,0.995
ILE978,LEU1228,Hydrophobic_Prot-Prot,0.931
ILE978,LEU1236,Hydrophobic_Prot-Prot,0.914
ILE978,VAL1233,Hydrophobic_Prot-Prot,0.759
ILE998,PHE1008,Hydrophobic_Prot-Prot,0.897
ILE998,VAL1009,Hydrophobic_Prot-Prot,0.63
ILE998,LEU1004,Hydrophobic_Prot-Prot,0.157
LEU1004,TYR1001,Hydrophobic_Prot-Prot,0.97
LEU1004,PHE1008,Hydrophobic_Prot-Prot,0.768
LEU1004,MET1021,Hydrophobic_Prot-Prot,0.744
LEU1004,LEU921,Hydrophobic_Prot-Prot,0.723
LEU1004,LEU997,Hydrophobic_Prot-Prot,0.51
LEU1004,PHE1037,Hydrophobic_Prot-Prot,0.429
LEU1004,TYR1016,Hydrophobic_Prot-Prot,0.189
LEU1004,TYR1036,Hydrophobic_Prot-Prot,0.147
LEU101,PHE97,Hydrophobic_Prot-Prot,0.976
LEU101,PRO117,Hydrophobic_Prot-Prot,0.752
LEU101,TYR155,Hydrophobic_Prot-Prot,0.591
LEU101,LEU156,Hydrophobic_Prot-Prot,0.219
LEU101,PHE98,Hydrophobic_Prot-Prot,0.195
LEU1052,TYR1039,Hydrophobic_Prot-Prot,0.686
LEU1052,PRO1061,Hydrophobic_Prot-Prot,0.083
LEU1052,PHE846,Hydrophobic_Prot-Prot,0.079
LEU106,TYR1131,Hydrophobic_Prot-Prot,0.948
LEU106,PHE105,Hydrophobic_Prot-Prot,0.674
LEU106,TRP1126,Hydrophobic_Prot-Prot,0.659
LEU1087,PHE972,Hydrophobic_Prot-Prot,0.989
LEU1087,VAL1083,Hydrophobic_Prot-Prot,0.881
LEU1087,LEU989,Hydrophobic_Prot-Prot,0.67
LEU1087,TYR988,Hydrophobic_Prot-Prot,0.668
LEU1087,VAL1086,Hydrophobic_Prot-Prot,0.161
LEU1111,PRO1112,Hydrophobic_Prot-Prot,1.0
LEU1111,LEU1119,Hydrophobic_Prot-Prot,0.942
LEU1119,PRO1128,Hydrophobic_Prot-Prot,0.962
LEU1144,LEU1362,Hydrophobic_Prot-Prot,0.882
LEU1144,LEU1343,Hydrophobic_Prot-Prot,0.881
LEU1144,VAL1146,Hydrophobic_Prot-Prot,0.704
LEU1144,LEU1198,Hydrophobic_Prot-Prot,0.69
LEU1144,LEU1163,Hydrophobic_Prot-Prot,0.537
LEU1144,LEU1365,Hydrophobic_Prot-Prot,0.426
LEU1144,LEU1347,Hydrophobic_Prot-Prot,0.053
LEU1163,LEU1343,Hydrophobic_Prot-Prot,0.933
LEU1163,LEU1198,Hydrophobic_Prot-Prot,0.919
LEU1163,LEU1214,Hydrophobic_Prot-Prot,0.747
LEU1163,VAL1342,Hydrophobic_Prot-Prot,0.475
LEU1163,PHE1204,Hydrophobic_Prot-Prot,0.15
LEU1164,LEU1182,Hydrophobic_Prot-Prot,0.904
LEU1164,VAL1145,Hydrophobic_Prot-Prot,0.883
LEU1164,TYR1187,Hydrophobic_Prot-Prot,0.699
LEU1164,VAL1143,Hydrophobic_Prot-Prot,0.545
LEU1164,PHE1181,Hydrophobic_Prot-Prot,0.475
LEU1182,VAL1145,Hydrophobic_Prot-Prot,0.977
LEU1182,VAL1190,Hydrophobic_Prot-Prot,0.943
LEU1182,TYR1187,Hydrophobic_Prot-Prot,0.925
LEU1182,PHE1181,Hydrophobic_Prot-Prot,0.597
LEU1182,PHE1174,Hydrophobic_Prot-Prot,0.164
LEU1182,PRO1178,Hydrophobic_Prot-Prot,0.085
LEU1194,LEU1365,Hydrophobic_Prot-Prot,0.936
LEU1194,VAL1146,Hydrophobic_Prot-Prot,0.907
LEU1198,LEU1347,Hydrophobic_Prot-Prot,0.995
LEU1198,PHE1204,Hydrophobic_Prot-Prot,0.858
LEU1198,PRO1199,Hydrophobic_Prot-Prot,0.846
LEU1198,LEU1214,Hydrophobic_Prot-Prot,0.799
LEU1203,MET1213,Hydrophobic_Prot-Prot,0.8
LEU1206,VAL1342,Hydrophobic_Prot-Prot,0.601
LEU1206,PHE1204,Hydrophobic_Prot-Prot,0.51
LEU1206,LEU1220,Hydrophobic_Prot-Prot,0.095
LEU1214,PHE1204,Hydrophobic_Prot-Prot,0.913
LEU1214,LEU1220,Hydrophobic_Prot-Prot,0.812
LEU1214,VAL1342,Hydrophobic_Prot-Prot,0.147
LEU1220,VAL1342,Hydrophobic_Prot-Prot,0.967
LEU1220,TYR1336,Hydrophobic_Prot-Prot,0.767
LEU1220,PHE1204,Hydrophobic_Prot-Prot,0.357
LEU1226,PHE1276,Hydrophobic_Prot-Prot,0.991
LEU1226,PHE1313,Hydrophobic_Prot-Prot,0.958
LEU1226,LEU1228,Hydrophobic_Prot-Prot,0.525
LEU1226,sgRNA1459,Hydrophobic_Prot-NA,0.061
LEU1228,PRO1229,Hydrophobic_Prot-Prot,1.0
LEU1228,TYR1232,Hydrophobic_Prot-Prot,0.991
LEU1228,PHE1313,Hydrophobic_Prot-Prot,0.988
LEU1228,VAL1233,Hydrophobic_Prot-Prot,0.887
LEU1228,LEU1236,Hydrophobic_Prot-Prot,0.727
LEU1236,PHE1313,Hydrophobic_Prot-Prot,0.928
LEU1236,PHE1235,Hydrophobic_Prot-Prot,0.728
LEU1236,LEU1266,Hydrophobic_Prot-Prot,0.239
LEU1236,VAL975,Hydrophobic_Prot-Prot,0.099
LEU1238,VAL1259,Hydrophobic_Prot-Prot,0.951
LEU1238,PHE1258,Hydrophobic_Prot-Prot,0.945
LEU1238,TYR973,Hydrophobic_Prot-Prot,0.921
LEU1238,TYR1237,Hydrophobic_Prot-Prot,0.877
LEU1238,LEU1245,Hydrophobic_Prot-Prot,0.75
LEU1245,TYR1237,Hydrophobic_Prot-Prot,0.148
LEU1266,PHE1235,Hydrophobic_Prot-Prot,0.981
LEU1266,TYR1294,Hydrophobic_Prot-Prot,0.415
LEU1287,LEU1291,Hydrophobic_Prot-Prot,0.801
LEU1287,LEU1315,Hydrophobic_Prot-Prot,0.361
LEU1287,VAL1290,Hydrophobic_Prot-Prot,0.314
LEU1291,TYR1294,Hydrophobic_Prot-Prot,0.112
LEU1291,VAL1290,Hydrophobic_Prot-Prot,0.108
LEU1312,VAL1290,Hydrophobic_Prot-Prot,0.99
LEU1312,TYR1326,Hydrophobic_Prot-Prot,0.961
LEU1312,PHE1324,Hydrophobic_Prot-Prot,0.957
LEU1312,LEU1315,Hydrophobic_Prot-Prot,0.611
LEU1315,PHE1324,Hydrophobic_Prot-Prot,0.902
LEU1315,VAL1290,Hydrophobic_Prot-Prot,0.342
LEU1318,MET1213,Hydrophobic_Prot-Prot,0.81
LEU1318,LEU52,Hydrophobic_Prot-Prot,0.759
LEU1343,VAL1342,Hydrophobic_Prot-Prot,0.159
LEU1343,LEU1362,Hydrophobic_Prot-Prot,0.14
LEU1343,PHE1204,Hydrophobic_Prot-Prot,0.075
LEU1347,PHE1204,Hydrophobic_Prot-Prot,0.934
LEU1347,LEU1362,Hydrophobic_Prot-Prot,0.869
LEU1355,PHE32,Hydrophobic_Prot-Prot,0.997
LEU1355,VAL750,Hydrophobic_Prot-Prot,0.977
LEU1355,LEU47,Hydrophobic_Prot-Prot,0.964
LEU1355,TRP18,Hydrophobic_Prot-Prot,0.914
LEU1355,LEU747,Hydrophobic_Prot-Prot,0.775
LEU1355,TYR1356,Hydrophobic_Prot-Prot,0.052
LEU1362,LEU1365,Hydrophobic_Prot-Prot,0.895
LEU1362,PHE1204,Hydrophobic_Prot-Prot,0.875
LEU1365,VAL1146,Hydrophobic_Prot-Prot,0.463
LEU138,TYR132,Hydrophobic_Prot-Prot,0.979
LEU138,LEU153,Hydrophobic_Prot-Prot,0.966
LEU138,LEU142,Hydrophobic_Prot-Prot,0.957
LEU138,TYR128,Hydrophobic_Prot-Prot,0.819
LEU138,LEU156,Hydrophobic_Prot-Prot,0.52
LEU151,TYR430,Hydrophobic_Prot-Prot,0.983
LEU151,PHE86,Hydrophobic_Prot-Prot,0.983
LEU151,MET90,Hydrophobic_Prot-Prot,0.894
LEU151,PHE432,Hydrophobic_Prot-Prot,0.892
LEU151,VAL93,Hydrophobic_Prot-Prot,0.675
LEU153,TYR128,Hydrophobic_Prot-Prot,0.988
LEU153,PHE119,Hydrophobic_Prot-Prot,0.938
LEU153,TYR132,Hydrophobic_Prot-Prot,0.602
LEU153,LEU156,Hydrophobic_Prot-Prot,0.545
LEU156,TYR128,Hydrophobic_Prot-Prot,0.649
LEU156,PHE97,Hydrophobic_Prot-Prot,0.235
LEU156,TYR155,Hydrophobic_Prot-Prot,0.181
LEU156,PHE119,Hydrophobic_Prot-Prot,0.052
LEU158,LEU419,Hydrophobic_Prot-Prot,0.992
LEU158,LEU423,Hydrophobic_Prot-Prot,0.904
LEU158,PHE86,Hydrophobic_Prot-Prot,0.881
LEU158,LEU82,Hydrophobic_Prot-Prot,0.575
LEU158,MET161,Hydrophobic_Prot-Prot,0.156
LEU169,TS1485,Hydrophobic_Prot-NA,0.178
LEU174,LEU301,Hydrophobic_Prot-Prot,0.82
LEU174,PRO411,Hydrophobic_Prot-Prot,0.777
LEU174,LEU302,Hydrophobic_Prot-Prot,0.767
LEU174,PRO176,Hydrophobic_Prot-Prot,0.143
LEU184,LEU296,Hydrophobic_Prot-Prot,0.955
LEU188,LEU296,Hydrophobic_Prot-Prot,0.935
LEU188,PHE238,Hydrophobic_Prot-Prot,0.844
LEU188,LEU289,Hydrophobic_Prot-Prot,0.728
LEU188,LEU241,Hydrophobic_Prot-Prot,0.579
LEU188,PHE185,Hydrophobic_Prot-Prot,0.072
LEU195,PHE196,Hydrophobic_Prot-Prot,0.966
LEU195,LEU289,Hydrophobic_Prot-Prot,0.833
LEU195,TYR286,Hydrophobic_Prot-Prot,0.534
LEU195,LEU237,Hydrophobic_Prot-Prot,0.07
LEU212,LEU246,Hydrophobic_Prot-Prot,0.925
LEU212,LEU225,Hydrophobic_Prot-Prot,0.863
LEU212,VAL181,Hydrophobic_Prot-Prot,0.735
LEU212,PHE185,Hydrophobic_Prot-Prot,0.574
LEU212,LEU296,Hydrophobic_Prot-Prot,0.502
LEU222,LEU246,Hydrophobic_Prot-Prot,0.934
LEU222,LEU248,Hydrophobic_Prot-Prot,0.811
LEU225,VAL206,Hydrophobic_Prot-Prot,0.865
LEU225,PHE185,Hydrophobic_Prot-Prot,0.829
LEU225,LEU229,Hydrophobic_Prot-Prot,0.776
LEU225,PHE238,Hydrophobic_Prot-Prot,0.367
LEU229,PRO230,Hydrophobic_Prot-Prot,0.938
LEU229,PHE238,Hydrophobic_Prot-Prot,0.935
LEU229,VAL206,Hydrophobic_Prot-Prot,0.792
LEU229,PHE185,Hydrophobic_Prot-Prot,0.153
LEU237,PHE196,Hydrophobic_Prot-Prot,0.916
LEU237,TYR192,Hydrophobic_Prot-Prot,0.807
LEU237,PHE252,Hydrophobic_Prot-Prot,0.691
LEU237,LEU241,Hydrophobic_Prot-Prot,0.667
LEU237,TYR286,Hydrophobic_Prot-Prot,0.534
LEU237,LEU258,Hydrophobic_Prot-Prot,0.284
LEU237,LEU289,Hydrophobic_Prot-Prot,0.283
LEU241,LEU289,Hydrophobic_Prot-Prot,0.992
LEU241,TYR192,Hydrophobic_Prot-Prot,0.422
LEU241,PHE252,Hydrophobic_Prot-Prot,0.395
LEU241,PHE290,Hydrophobic_Prot-Prot,0.388
LEU241,LEU244,Hydrophobic_Prot-Prot,0.339
LEU241,TYR286,Hydrophobic_Prot-Prot,0.309
LEU241,PHE238,Hydrophobic_Prot-Prot,0.11
LEU244,LEU266,Hydrophobic_Prot-Prot,0.85
LEU244,PRO250,Hydrophobic_Prot-Prot,0.82
LEU244,LEU264,Hydrophobic_Prot-Prot,0.816
LEU244,PHE290,Hydrophobic_Prot-Prot,0.778
LEU244,PHE252,Hydrophobic_Prot-Prot,0.468
LEU244,TYR271,Hydrophobic_Prot-Prot,0.074
LEU246,LEU248,Hydrophobic_Prot-Prot,0.56
LEU248,sgRNA1376,Hydrophobic_Prot-NA,0.16
LEU248,PRO250,Hydrophobic_Prot-Prot,0.111
LEU258,PHE252,Hydrophobic_Prot-Prot,0.602
LEU258,LEU278,Hydrophobic_Prot-Prot,0.487
LEU258,TYR286,Hydrophobic_Prot-Prot,0.209
LEU258,PHE290,Hydrophobic_Prot-Prot,0.108
LEU258,PHE196,Hydrophobic_Prot-Prot,0.082
LEU258,LEU264,Hydrophobic_Prot-Prot,0.079
LEU258,PHE256,Hydrophobic_Prot-Prot,0.056
LEU264,PHE252,Hydrophobic_Prot-Prot,0.694
LEU264,TYR271,Hydrophobic_Prot-Prot,0.687
LEU264,PHE290,Hydrophobic_Prot-Prot,0.583
LEU264,LEU278,Hydrophobic_Prot-Prot,0.581
LEU264,LEU275,Hydrophobic_Prot-Prot,0.402
LEU264,PRO250,Hydrophobic_Prot-Prot,0.337
LEU264,LEU266,Hydrophobic_Prot-Prot,0.148
LEU264,TYR286,Hydrophobic_Prot-Prot,0.066
LEU266,PHE290,Hydrophobic_Prot-Prot,0.544
LEU266,TYR271,Hydrophobic_Prot-Prot,0.367
LEU275,PHE290,Hydrophobic_Prot-Prot,0.91
LEU275,LEU279,Hydrophobic_Prot-Prot,0.632
LEU275,TYR271,Hydrophobic_Prot-Prot,0.482
LEU275,LEU278,Hydrophobic_Prot-Prot,0.401
LEU275,TYR286,Hydrophobic_Prot-Prot,0.386
LEU275,LEU291,Hydrophobic_Prot-Prot,0.172
LEU278,TYR286,Hydrophobic_Prot-Prot,0.609
LEU278,PHE252,Hydrophobic_Prot-Prot,0.601
LEU278,PHE290,Hydrophobic_Prot-Prot,0.438
LEU278,TYR271,Hydrophobic_Prot-Prot,0.192
LEU279,TYR286,Hydrophobic_Prot-Prot,0.526
LEU279,PHE290,Hydrophobic_Prot-Prot,0.219
LEU279,LEU291,Hydrophobic_Prot-Prot,0.08
LEU289,TYR192,Hydrophobic_Prot-Prot,0.961
LEU289,TYR286,Hydrophobic_Prot-Prot,0.594
LEU289,PHE196,Hydrophobic_Prot-Prot,0.383
LEU289,PHE290,Hydrophobic_Prot-Prot,0.118
LEU291,PHE290,Hydrophobic_Prot-Prot,0.053
LEU296,VAL181,Hydrophobic_Prot-Prot,0.953
LEU296,PHE185,Hydrophobic_Prot-Prot,0.729
LEU301,PRO411,Hydrophobic_Prot-Prot,0.267
LEU301,LEU302,Hydrophobic_Prot-Prot,0.127
LEU302,LEU306,Hydrophobic_Prot-Prot,0.88
LEU302,PRO176,Hydrophobic_Prot-Prot,0.516
LEU302,PRO411,Hydrophobic_Prot-Prot,0.194
LEU306,PRO316,Hydrophobic_Prot-Prot,0.947
LEU306,LEU317,Hydrophobic_Prot-Prot,0.806
LEU306,PRO176,Hydrophobic_Prot-Prot,0.141
LEU317,MET321,Hydrophobic_Prot-Prot,0.694
LEU317,TYR136,Hydrophobic_Prot-Prot,0.29
LEU332,TYR359,Hydrophobic_Prot-Prot,0.999
LEU332,LEU399,Hydrophobic_Prot-Prot,0.992
LEU332,PHE351,Hydrophobic_Prot-Prot,0.971
LEU332,sgRNA1413,Hydrophobic_Prot-NA,0.898
LEU332,sgRNA1414,Hydrophobic_Prot-NA,0.336
LEU334,LEU338,Hydrophobic_Prot-Prot,0.878
LEU334,LEU389,Hydrophobic_Prot-Prot,0.765
LEU335,PHE351,Hydrophobic_Prot-Prot,0.94
LEU335,LEU380,Hydrophobic_Prot-Prot,0.939
LEU335,LEU399,Hydrophobic_Prot-Prot,0.916
LEU335,VAL339,Hydrophobic_Prot-Prot,0.69
LEU335,MET383,Hydrophobic_Prot-Prot,0.644
LEU335,LEU389,Hydrophobic_Prot-Prot,0.505
LEU335,LEU338,Hydrophobic_Prot-Prot,0.081
LEU338,MET383,Hydrophobic_Prot-Prot,0.808
LEU338,LEU389,Hydrophobic_Prot-Prot,0.731
LEU343,MET383,Hydrophobic_Prot-Prot,0.911
LEU343,VAL339,Hydrophobic_Prot-Prot,0.38
LEU343,PRO344,Hydrophobic_Prot-Prot,0.273
LEU35,sgRNA1439,Hydrophobic_Prot-NA,0.827
LEU35,sgRNA1451,Hydrophobic_Prot-NA,0.785
LEU35,sgRNA1450,Hydrophobic_Prot-NA,0.175
LEU380,LEU390,Hydrophobic_Prot-Prot,0.986
LEU380,LEU389,Hydrophobic_Prot-Prot,0.95
LEU380,LEU393,Hydrophobic_Prot-Prot,0.804
LEU380,LEU398,Hydrophobic_Prot-Prot,0.761
LEU380,MET383,Hydrophobic_Prot-Prot,0.622
LEU389,LEU398,Hydrophobic_Prot-Prot,0.962
LEU390,LEU393,Hydrophobic_Prot-Prot,0.252
LEU393,TYR373,Hydrophobic_Prot-Prot,0.994
LEU393,LEU398,Hydrophobic_Prot-Prot,0.967
LEU398,LEU399,Hydrophobic_Prot-Prot,0.988
LEU398,TYR373,Hydrophobic_Prot-Prot,0.903
LEU398,PHE372,Hydrophobic_Prot-Prot,0.056
LEU399,PHE372,Hydrophobic_Prot-Prot,0.956
LEU399,TYR359,Hydrophobic_Prot-Prot,0.851
LEU399,TYR362,Hydrophobic_Prot-Prot,0.331
LEU416,LEU444,Hydrophobic_Prot-Prot,0.886
LEU416,LEU419,Hydrophobic_Prot-Prot,0.396
LEU419,LEU444,Hydrophobic_Prot-Prot,0.945
LEU419,MET161,Hydrophobic_Prot-Prot,0.884
LEU419,LEU423,Hydrophobic_Prot-Prot,0.878
LEU423,LEU433,Hydrophobic_Prot-Prot,0.918
LEU433,PHE432,Hydrophobic_Prot-Prot,0.983
LEU433,TYR430,Hydrophobic_Prot-Prot,0.979
LEU433,PHE86,Hydrophobic_Prot-Prot,0.876
LEU444,MET161,Hydrophobic_Prot-Prot,0.226
LEU455,VAL452,Hydrophobic_Prot-Prot,0.973
LEU455,sgRNA1429,Hydrophobic_Prot-NA,0.925
LEU455,MET465,Hydrophobic_Prot-Prot,0.692
LEU455,PHE478,Hydrophobic_Prot-Prot,0.677
LEU455,VAL482,Hydrophobic_Prot-Prot,0.142
LEU47,VAL20,Hydrophobic_Prot-Prot,0.999
LEU47,VAL750,Hydrophobic_Prot-Prot,0.941
LEU47,PRO28,Hydrophobic_Prot-Prot,0.918
LEU47,PHE32,Hydrophobic_Prot-Prot,0.723
LEU47,MET751,Hydrophobic_Prot-Prot,0.545
LEU47,TRP18,Hydrophobic_Prot-Prot,0.347
LEU47,VAL27,Hydrophobic_Prot-Prot,0.262
LEU47,LEU747,Hydrophobic_Prot-Prot,0.078
LEU502,LEU666,Hydrophobic_Prot-Prot,0.96
LEU502,PRO503,Hydrophobic_Prot-Prot,0.812
LEU508,PRO509,Hydrophobic_Prot-Prot,1.0
LEU508,TYR515,Hydrophobic_Prot-Prot,0.869
LEU508,LEU514,Hydrophobic_Prot-Prot,0.633
LEU508,LEU662,Hydrophobic_Prot-Prot,0.094
LEU51,VAL1095,Hydrophobic_Prot-Prot,0.825
LEU51,PHE53,Hydrophobic_Prot-Prot,0.813
LEU51,VAL16,Hydrophobic_Prot-Prot,0.597
LEU51,VAL743,Hydrophobic_Prot-Prot,0.412
LEU51,TRP18,Hydrophobic_Prot-Prot,0.077
LEU513,LEU616,Hydrophobic_Prot-Prot,0.849
LEU513,LEU597,Hydrophobic_Prot-Prot,0.689
LEU513,TYR517,Hydrophobic_Prot-Prot,0.652
LEU513,TYR594,Hydrophobic_Prot-Prot,0.623
LEU513,VAL620,Hydrophobic_Prot-Prot,0.473
LEU513,LEU607,Hydrophobic_Prot-Prot,0.105
LEU514,LEU680,Hydrophobic_Prot-Prot,0.949
LEU524,VAL549,Hydrophobic_Prot-Prot,0.971
LEU524,PHE553,Hydrophobic_Prot-Prot,0.95
LEU524,VAL520,Hydrophobic_Prot-Prot,0.9
LEU524,PHE587,Hydrophobic_Prot-Prot,0.842
LEU524,LEU540,Hydrophobic_Prot-Prot,0.754
LEU524,VAL527,Hydrophobic_Prot-Prot,0.215
LEU524,TYR521,Hydrophobic_Prot-Prot,0.064
LEU540,TYR529,Hydrophobic_Prot-Prot,0.981
LEU540,PHE569,Hydrophobic_Prot-Prot,0.908
LEU540,VAL527,Hydrophobic_Prot-Prot,0.787
LEU551,TYR568,Hydrophobic_Prot-Prot,0.797
LEU551,LEU552,Hydrophobic_Prot-Prot,0.737
LEU552,VAL559,Hydrophobic_Prot-Prot,0.934
LEU552,LEU564,Hydrophobic_Prot-Prot,0.927
LEU552,TYR568,Hydrophobic_Prot-Prot,0.778
LEU552,PHE553,Hydrophobic_Prot-Prot,0.718
LEU564,PHE587,Hydrophobic_Prot-Prot,0.933
LEU564,PHE569,Hydrophobic_Prot-Prot,0.913
LEU564,TYR568,Hydrophobic_Prot-Prot,0.725
LEU564,VAL559,Hydrophobic_Prot-Prot,0.203
LEU591,TYR594,Hydrophobic_Prot-Prot,0.975
LEU591,VAL520,Hydrophobic_Prot-Prot,0.968
LEU591,TYR517,Hydrophobic_Prot-Prot,0.958
LEU591,PHE553,Hydrophobic_Prot-Prot,0.927
LEU591,VAL549,Hydrophobic_Prot-Prot,0.544
LEU597,LEU607,Hydrophobic_Prot-Prot,0.925
LEU597,LEU616,Hydrophobic_Prot-Prot,0.822
LEU597,LEU651,Hydrophobic_Prot-Prot,0.71
LEU597,VAL620,Hydrophobic_Prot-Prot,0.645
LEU597,TYR656,Hydrophobic_Prot-Prot,0.116
LEU598,LEU607,Hydrophobic_Prot-Prot,0.968
LEU598,TYR594,Hydrophobic_Prot-Prot,0.578
LEU607,TYR594,Hydrophobic_Prot-Prot,0.998
LEU607,LEU616,Hydrophobic_Prot-Prot,0.9
LEU607,PHE606,Hydrophobic_Prot-Prot,0.376
LEU616,PHE606,Hydrophobic_Prot-Prot,0.783
LEU616,PHE643,Hydrophobic_Prot-Prot,0.122
LEU621,TRP659,Hydrophobic_Prot-Prot,0.955
LEU621,LEU625,Hydrophobic_Prot-Prot,0.924
LEU621,PRO509,Hydrophobic_Prot-Prot,0.882
LEU623,TYR656,Hydrophobic_Prot-Prot,0.972
LEU623,LEU651,Hydrophobic_Prot-Prot,0.519
LEU623,LEU636,Hydrophobic_Prot-Prot,0.214
LEU625,PHE626,Hydrophobic_Prot-Prot,0.999
LEU625,TRP659,Hydrophobic_Prot-Prot,0.939
LEU636,MET648,Hydrophobic_Prot-Prot,0.809
LEU636,LEU651,Hydrophobic_Prot-Prot,0.622
LEU636,TYR639,Hydrophobic_Prot-Prot,0.57
LEU64,TS1484,Hydrophobic_Prot-NA,0.279
LEU64,TS1482,Hydrophobic_Prot-NA,0.211
LEU642,PHE643,Hydrophobic_Prot-Prot,0.928
LEU642,PHE606,Hydrophobic_Prot-Prot,0.771
LEU642,TYR639,Hydrophobic_Prot-Prot,0.559
LEU651,PHE643,Hydrophobic_Prot-Prot,0.763
LEU651,VAL647,Hydrophobic_Prot-Prot,0.348
LEU651,MET648,Hydrophobic_Prot-Prot,0.222
LEU662,PHE518,Hydrophobic_Prot-Prot,0.987
LEU662,LEU666,Hydrophobic_Prot-Prot,0.961
LEU662,PHE693,Hydrophobic_Prot-Prot,0.863
LEU662,TYR515,Hydrophobic_Prot-Prot,0.676
LEU666,PHE693,Hydrophobic_Prot-Prot,0.91
LEU680,TYR521,Hydrophobic_Prot-Prot,0.756
LEU680,PHE518,Hydrophobic_Prot-Prot,0.577
LEU680,LEU683,Hydrophobic_Prot-Prot,0.383
LEU680,TYR517,Hydrophobic_Prot-Prot,0.148
LEU683,PHE518,Hydrophobic_Prot-Prot,0.998
LEU683,TYR521,Hydrophobic_Prot-Prot,0.964
LEU683,LEU696,Hydrophobic_Prot-Prot,0.844
LEU683,PHE693,Hydrophobic_Prot-Prot,0.416
LEU696,PHE682,Hydrophobic_Prot-Prot,1.0
LEU696,LEU702,Hydrophobic_Prot-Prot,0.998
LEU696,PHE704,Hydrophobic_Prot-Prot,0.646
LEU702,PHE682,Hydrophobic_Prot-Prot,0.993
LEU702,PHE704,Hydrophobic_Prot-Prot,0.987
LEU720,VAL741,Hydrophobic_Prot-Prot,0.83
LEU720,LEU738,Hydrophobic_Prot-Prot,0.362
LEU738,VAL741,Hydrophobic_Prot-Prot,0.051
LEU747,TRP18,Hydrophobic_Prot-Prot,0.998
LEU747,VAL20,Hydrophobic_Prot-Prot,0.979
LEU747,VAL743,Hydrophobic_Prot-Prot,0.959
LEU747,VAL750,Hydrophobic_Prot-Prot,0.066
LEU791,LEU891,Hydrophobic_Prot-Prot,0.911
LEU791,LEU886,Hydrophobic_Prot-Prot,0.525
LEU796,TYR815,Hydrophobic_Prot-Prot,0.931
LEU796,VAL801,Hydrophobic_Prot-Prot,0.886
LEU796,MET781,Hydrophobic_Prot-Prot,0.594
LEU796,sgRNA1376,Hydrophobic_Prot-NA,0.053
LEU806,MET781,Hydrophobic_Prot-Prot,0.978
LEU806,VAL801,Hydrophobic_Prot-Prot,0.927
LEU806,TYR815,Hydrophobic_Prot-Prot,0.732
LEU806,TYR812,Hydrophobic_Prot-Prot,0.663
LEU806,LEU811,Hydrophobic_Prot-Prot,0.477
LEU811,TYR815,Hydrophobic_Prot-Prot,0.953
LEU811,LEU833,Hydrophobic_Prot-Prot,0.913
LEU811,VAL801,Hydrophobic_Prot-Prot,0.699
LEU811,TYR814,Hydrophobic_Prot-Prot,0.165
LEU813,LEU857,Hydrophobic_Prot-Prot,0.97
LEU813,VAL838,Hydrophobic_Prot-Prot,0.918
LEU813,LEU816,Hydrophobic_Prot-Prot,0.549
LEU816,TYR812,Hydrophobic_Prot-Prot,0.994
LEU816,LEU891,Hydrophobic_Prot-Prot,0.945
LEU82,TYR155,Hydrophobic_Prot-Prot,0.983
LEU82,PHE86,Hydrophobic_Prot-Prot,0.965
LEU828,TYR836,Hydrophobic_Prot-Prot,1.0
LEU828,TYR814,Hydrophobic_Prot-Prot,0.956
LEU828,LEU857,Hydrophobic_Prot-Prot,0.955
LEU833,TYR814,Hydrophobic_Prot-Prot,0.935
LEU833,LEU857,Hydrophobic_Prot-Prot,0.805
LEU833,TYR836,Hydrophobic_Prot-Prot,0.785
LEU847,PHE916,Hydrophobic_Prot-Prot,0.991
LEU847,VAL842,Hydrophobic_Prot-Prot,0.942
LEU847,PHE846,Hydrophobic_Prot-Prot,0.074
LEU857,TYR836,Hydrophobic_Prot-Prot,0.942
LEU857,TYR814,Hydrophobic_Prot-Prot,0.929
LEU857,VAL838,Hydrophobic_Prot-Prot,0.734
LEU886,TYR882,Hydrophobic_Prot-Prot,0.996
LEU886,LEU891,Hydrophobic_Prot-Prot,0.944
LEU886,MET822,Hydrophobic_Prot-Prot,0.614
LEU886,TRP883,Hydrophobic_Prot-Prot,0.071
LEU887,PHE897,Hydrophobic_Prot-Prot,0.988
LEU9,VAL744,Hydrophobic_Prot-Prot,0.936
LEU9,TRP18,Hydrophobic_Prot-Prot,0.934
LEU9,LEU935,Hydrophobic_Prot-Prot,0.597
LEU9,VAL743,Hydrophobic_Prot-Prot,0.507
LEU9,VAL16,Hydrophobic_Prot-Prot,0.35
LEU900,TRP883,Hydrophobic_Prot-Prot,1.0
LEU900,MET822,Hydrophobic_Prot-Prot,0.894
LEU900,TYR823,Hydrophobic_Prot-Prot,0.829
LEU900,PRO871,Hydrophobic_Prot-Prot,0.362
LEU900,VAL856,Hydrophobic_Prot-Prot,0.262
LEU908,PHE916,Hydrophobic_Prot-Prot,0.992
LEU908,VAL870,Hydrophobic_Prot-Prot,0.885
LEU908,PHE846,Hydrophobic_Prot-Prot,0.802
LEU908,VAL842,Hydrophobic_Prot-Prot,0.498
LEU908,PRO843,Hydrophobic_Prot-Prot,0.208
LEU911,VAL1018,Hydrophobic_Prot-Prot,0.689
LEU911,NTS1504,Hydrophobic_Prot-NA,0.575
LEU911,NTS1503,Hydrophobic_Prot-NA,0.423
LEU911,NTS1505,Hydrophobic_Prot-NA,0.182
LEU911,NTS1502,Hydrophobic_Prot-NA,0.17
LEU911,TS1496,Hydrophobic_Prot-NA,0.056
LEU921,PHE1008,Hydrophobic_Prot-Prot,0.996
LEU921,LEU997,Hydrophobic_Prot-Prot,0.878
LEU921,VAL922,Hydrophobic_Prot-Prot,0.73
LEU921,LEU962,Hydrophobic_Prot-Prot,0.674
LEU921,LEU958,Hydrophobic_Prot-Prot,0.511
LEU935,VAL744,Hydrophobic_Prot-Prot,0.841
LEU935,VAL931,Hydrophobic_Prot-Prot,0.702
LEU935,VAL955,Hydrophobic_Prot-Prot,0.677
LEU935,VAL741,Hydrophobic_Prot-Prot,0.583
LEU949,TYR943,Hydrophobic_Prot-Prot,0.816
LEU958,VAL760,Hydrophobic_Prot-Prot,0.957
LEU958,VAL963,Hydrophobic_Prot-Prot,0.802
LEU958,LEU962,Hydrophobic_Prot-Prot,0.74
LEU958,PHE1008,Hydrophobic_Prot-Prot,0.73
LEU958,VAL993,Hydrophobic_Prot-Prot,0.614
LEU958,LEU997,Hydrophobic_Prot-Prot,0.428
LEU962,MET1043,Hydrophobic_Prot-Prot,0.937
LEU962,VAL993,Hydrophobic_Prot-Prot,0.536
LEU962,LEU997,Hydrophobic_Prot-Prot,0.467
LEU962,VAL963,Hydrophobic_Prot-Prot,0.072
LEU989,VAL963,Hydrophobic_Prot-Prot,0.965
LEU989,VAL1083,Hydrophobic_Prot-Prot,0.953
LEU989,TYR988,Hydrophobic_Prot-Prot,0.748
LEU989,PHE966,Hydrophobic_Prot-Prot,0.74
LEU989,PHE972,Hydrophobic_Prot-Prot,0.439
LEU989,VAL992,Hydrophobic_Prot-Prot,0.144
LEU997,PHE1045,Hydrophobic_Prot-Prot,0.916
LEU997,PHE1008,Hydrophobic_Prot-Prot,0.88
LEU997,TYR1001,Hydrophobic_Prot-Prot,0.732
LEU997,VAL993,Hydrophobic_Prot-Prot,0.73
LEU997,PHE1046,Hydrophobic_Prot-Prot,0.094
LEU997,MET1021,Hydrophobic_Prot-Prot,0.068
MET1,MET751,Hydrophobic_Prot-Prot,0.478
MET1,TYR5,Hydrophobic_Prot-Prot,0.334
MET1021,PHE1037,Hydrophobic_Prot-Prot,0.744
MET1021,TYR1036,Hydrophobic_Prot-Prot,0.519
MET1021,TYR1016,Hydrophobic_Prot-Prot,0.407
MET1021,TYR1001,Hydrophobic_Prot-Prot,0.217
MET1043,PHE966,Hydrophobic_Prot-Prot,0.889
MET1043,PHE1046,Hydrophobic_Prot-Prot,0.745
MET1043,VAL993,Hydrophobic_Prot-Prot,0.533
MET1043,PHE970,Hydrophobic_Prot-Prot,0.206
MET1089,PRO1090,Hydrophobic_Prot-Prot,1.0
MET1089,VAL1086,Hydrophobic_Prot-Prot,0.738
MET1089,VAL27,Hydrophobic_Prot-Prot,0.727
MET1089,VAL1092,Hydrophobic_Prot-Prot,0.642
MET1089,sgRNA1458,Hydrophobic_Prot-NA,0.581
MET1169,sgRNA1422,Hydrophobic_Prot-NA,0.758
MET1169,PHE1105,Hydrophobic_Prot-Prot,0.726
MET1169,PRO1137,Hydrophobic_Prot-Prot,0.585
MET1213,TYR1201,Hydrophobic_Prot-Prot,0.531
MET321,TYR136,Hydrophobic_Prot-Prot,0.999
MET383,VAL339,Hydrophobic_Prot-Prot,0.938
MET465,VAL452,Hydrophobic_Prot-Prot,0.962
MET465,VAL482,Hydrophobic_Prot-Prot,0.898
MET495,TS1488,Hydrophobic_Prot-NA,0.964
MET495,PHE491,Hydrophobic_Prot-Prot,0.739
MET495,TS1489,Hydrophobic_Prot-NA,0.641
MET495,sgRNA1383,Hydrophobic_Prot-NA,0.186
MET495,TRP464,Hydrophobic_Prot-Prot,0.164
MET495,sgRNA1384,Hydrophobic_Prot-NA,0.129
MET495,sgRNA1382,Hydrophobic_Prot-NA,0.073
MET534,TYR529,Hydrophobic_Prot-Prot,0.715
MET534,VAL530,Hydrophobic_Prot-Prot,0.567
MET631,PHE626,Hydrophobic_Prot-Prot,0.978
MET631,TYR451,Hydrophobic_Prot-Prot,0.914
MET648,PHE643,Hydrophobic_Prot-Prot,0.808
MET648,TYR639,Hydrophobic_Prot-Prot,0.086
MET694,PHE693,Hydrophobic_Prot-Prot,0.398
MET694,TYR1013,Hydrophobic_Prot-Prot,0.08
MET751,TYR5,Hydrophobic_Prot-Prot,1.0
MET751,VAL20,Hydrophobic_Prot-Prot,0.567
MET751,PRO28,Hydrophobic_Prot-Prot,0.282
MET751,VAL750,Hydrophobic_Prot-Prot,0.271
MET763,VAL931,Hydrophobic_Prot-Prot,0.696
MET781,VAL801,Hydrophobic_Prot-Prot,0.683
MET822,VAL856,Hydrophobic_Prot-Prot,1.0
MET822,TYR823,Hydrophobic_Prot-Prot,0.918
MET822,TRP883,Hydrophobic_Prot-Prot,0.554
MET822,TYR882,Hydrophobic_Prot-Prot,0.286
MET879,TRP883,Hydrophobic_Prot-Prot,1.0
MET879,TYR882,Hydrophobic_Prot-Prot,0.966
MET879,VAL875,Hydrophobic_Prot-Prot,0.855
MET90,PHE97,Hydrophobic_Prot-Prot,0.997
MET90,PHE98,Hydrophobic_Prot-Prot,0.987
MET90,TYR155,Hydrophobic_Prot-Prot,0.892
MET90,PHE86,Hydrophobic_Prot-Prot,0.791
MET90,VAL93,Hydrophobic_Prot-Prot,0.072
MET939,VAL953,Hydrophobic_Prot-Prot,0.989
MET939,VAL748,Hydrophobic_Prot-Prot,0.774
MET939,VAL744,Hydrophobic_Prot-Prot,0.645
MET939,PRO756,Hydrophobic_Prot-Prot,0.171
NTS1500,VAL1015,Hydrophobic_Prot-NA,0.126
NTS1502,VAL1018,Hydrophobic_Prot-NA,0.169
NTS1523,PRO1321,Hydrophobic_Prot-NA,0.073
PHE1008,VAL922,Hydrophobic_Prot-Prot,0.684
PHE1008,VAL1009,Hydrophobic_Prot-Prot,0.409
PHE1037,TYR1036,Hydrophobic_Prot-Prot,0.857
PHE1037,TYR1001,Hydrophobic_Prot-Prot,0.823
PHE1037,PHE1045,Hydrophobic_Prot-Prot,0.183
PHE1038,TYR1039,Hydrophobic_Prot-Prot,0.975
PHE1038,PHE846,Hydrophobic_Prot-Prot,0.661
PHE1045,PHE1046,Hydrophobic_Prot-Prot,0.934
PHE1045,TYR1001,Hydrophobic_Prot-Prot,0.843
PHE1045,VAL1073,Hydrophobic_Prot-Prot,0.543
PHE1045,TRP1074,Hydrophobic_Prot-Prot,0.111
PHE1045,TYR1036,Hydrophobic_Prot-Prot,0.072
PHE1046,PHE966,Hydrophobic_Prot-Prot,0.988
PHE1046,TRP1074,Hydrophobic_Prot-Prot,0.972
PHE1046,PHE970,Hydrophobic_Prot-Prot,0.963
PHE1046,VAL993,Hydrophobic_Prot-Prot,0.461
PHE1046,PHE1080,Hydrophobic_Prot-Prot,0.399
PHE1046,VAL992,Hydrophobic_Prot-Prot,0.086
PHE105,TRP1126,Hydrophobic_Prot-Prot,0.994
PHE105,TYR1131,Hydrophobic_Prot-Prot,0.962
PHE105,sgRNA1394,Hydrophobic_Prot-NA,0.942
PHE105,sgRNA1418,Hydrophobic_Prot-NA,0.92
PHE105,sgRNA1393,Hydrophobic_Prot-NA,0.158
PHE105,sgRNA1417,Hydrophobic_Prot-NA,0.117
PHE1080,PHE972,Hydrophobic_Prot-Prot,0.946
PHE1080,PHE970,Hydrophobic_Prot-Prot,0.921
PHE1080,TRP1074,Hydrophobic_Prot-Prot,0.9
PHE1080,PHE966,Hydrophobic_Prot-Prot,0.429
PHE1105,sgRNA1422,Hydrophobic_Prot-NA,0.996
PHE1105,sgRNA1421,Hydrophobic_Prot-NA,0.807
PHE1105,PHE1134,Hydrophobic_Prot-Prot,0.218
PHE1105,sgRNA1432,Hydrophobic_Prot-NA,0.171
PHE1134,PRO1137,Hydrophobic_Prot-Prot,0.051
PHE1174,PRO1178,Hydrophobic_Prot-Prot,0.997
PHE1174,PHE1181,Hydrophobic_Prot-Prot,0.995
PHE1174,TYR1141,Hydrophobic_Prot-Prot,0.98
PHE1174,VAL1143,Hydrophobic_Prot-Prot,0.978
PHE119,TYR128,Hydrophobic_Prot-Prot,0.984
PHE1204,VAL1342,Hydrophobic_Prot-Prot,0.992
PHE1235,TYR1265,Hydrophobic_Prot-Prot,0.876
PHE1235,VAL1259,Hydrophobic_Prot-Prot,0.866
PHE1235,PHE1258,Hydrophobic_Prot-Prot,0.49
PHE1258,VAL1259,Hydrophobic_Prot-Prot,0.254
PHE1258,TYR1265,Hydrophobic_Prot-Prot,0.127
PHE1276,VAL1280,Hydrophobic_Prot-Prot,0.995
PHE1276,sgRNA1460,Hydrophobic_Prot-NA,0.775
PHE1276,sgRNA1459,Hydrophobic_Prot-NA,0.159
PHE1324,TYR1326,Hydrophobic_Prot-Prot,0.684
PHE1324,VAL1290,Hydrophobic_Prot-Prot,0.36
PHE1327,TYR1326,Hydrophobic_Prot-Prot,0.998
PHE1327,TYR1294,Hydrophobic_Prot-Prot,0.393
PHE185,VAL189,Hydrophobic_Prot-Prot,0.966
PHE185,PHE238,Hydrophobic_Prot-Prot,0.914
PHE185,VAL206,Hydrophobic_Prot-Prot,0.777
PHE196,TYR192,Hydrophobic_Prot-Prot,0.988
PHE196,TYR286,Hydrophobic_Prot-Prot,0.356
PHE238,TYR192,Hydrophobic_Prot-Prot,0.981
PHE238,VAL189,Hydrophobic_Prot-Prot,0.965
PHE252,PRO250,Hydrophobic_Prot-Prot,0.898
PHE252,PHE290,Hydrophobic_Prot-Prot,0.356
PHE252,TYR286,Hydrophobic_Prot-Prot,0.189
PHE256,sgRNA1374,Hydrophobic_Prot-NA,0.135
PHE290,TYR286,Hydrophobic_Prot-Prot,0.511
PHE290,TYR271,Hydrophobic_Prot-Prot,0.364
PHE32,VAL750,Hydrophobic_Prot-Prot,0.977
PHE32,TYR1356,Hydrophobic_Prot-Prot,0.889
PHE351,TYR347,Hydrophobic_Prot-Prot,0.999
PHE351,TYR359,Hydrophobic_Prot-Prot,0.948
PHE351,sgRNA1413,Hydrophobic_Prot-NA,0.892
PHE351,VAL339,Hydrophobic_Prot-Prot,0.818
PHE351,PHE352,Hydrophobic_Prot-Prot,0.282
PHE352,TYR347,Hydrophobic_Prot-Prot,0.386
PHE352,sgRNA1412,Hydrophobic_Prot-NA,0.302
PHE352,sgRNA1410,Hydrophobic_Prot-NA,0.228
PHE352,sgRNA1411,Hydrophobic_Prot-NA,0.164
PHE372,TYR362,Hydrophobic_Prot-Prot,0.998
PHE372,TYR373,Hydrophobic_Prot-Prot,0.941
PHE372,TYR359,Hydrophobic_Prot-Prot,0.849
PHE372,PHE375,Hydrophobic_Prot-Prot,0.083
PHE405,sgRNA1389,Hydrophobic_Prot-NA,0.598
PHE405,TS1483,Hydrophobic_Prot-NA,0.524
PHE429,TYR430,Hydrophobic_Prot-Prot,0.939
PHE432,PHE86,Hydrophobic_Prot-Prot,0.969
PHE432,TYR430,Hydrophobic_Prot-Prot,0.819
PHE446,PHE478,Hydrophobic_Prot-Prot,0.988
PHE446,PRO475,Hydrophobic_Prot-Prot,0.975
PHE446,sgRNA1429,Hydrophobic_Prot-NA,0.795
PHE446,PRO449,Hydrophobic_Prot-Prot,0.051
PHE462,PRO454,Hydrophobic_Prot-Prot,0.347
PHE462,TRP464,Hydrophobic_Prot-Prot,0.115
PHE478,PRO449,Hydrophobic_Prot-Prot,0.959
PHE478,VAL482,Hydrophobic_Prot-Prot,0.951
PHE478,VAL452,Hydrophobic_Prot-Prot,0.891
PHE491,TRP464,Hydrophobic_Prot-Prot,0.981
PHE491,TYR450,Hydrophobic_Prot-Prot,0.968
PHE491,TYR451,Hydrophobic_Prot-Prot,0.965
PHE491,TS1488,Hydrophobic_Prot-NA,0.52
PHE491,sgRNA1384,Hydrophobic_Prot-NA,0.35
PHE498,PRO503,Hydrophobic_Prot-Prot,0.071
PHE518,PHE693,Hydrophobic_Prot-Prot,0.996
PHE518,TYR515,Hydrophobic_Prot-Prot,0.659
PHE53,VAL16,Hydrophobic_Prot-Prot,0.828
PHE553,PHE587,Hydrophobic_Prot-Prot,0.998
PHE553,VAL520,Hydrophobic_Prot-Prot,0.993
PHE553,VAL559,Hydrophobic_Prot-Prot,0.984
PHE553,VAL549,Hydrophobic_Prot-Prot,0.526
PHE569,TYR568,Hydrophobic_Prot-Prot,0.986
PHE569,VAL578,Hydrophobic_Prot-Prot,0.985
PHE569,TYR529,Hydrophobic_Prot-Prot,0.938
PHE569,PHE575,Hydrophobic_Prot-Prot,0.938
PHE575,TYR529,Hydrophobic_Prot-Prot,0.859
PHE575,VAL578,Hydrophobic_Prot-Prot,0.853
PHE587,VAL583,Hydrophobic_Prot-Prot,0.983
PHE587,VAL527,Hydrophobic_Prot-Prot,0.954
PHE587,VAL559,Hydrophobic_Prot-Prot,0.925
PHE587,VAL561,Hydrophobic_Prot-Prot,0.181
PHE606,PHE643,Hydrophobic_Prot-Prot,0.916
PHE643,VAL647,Hydrophobic_Prot-Prot,0.93
PHE643,TYR639,Hydrophobic_Prot-Prot,0.626
PHE682,PHE704,Hydrophobic_Prot-Prot,0.988
PHE846,TYR1039,Hydrophobic_Prot-Prot,0.938
PHE846,PRO843,Hydrophobic_Prot-Prot,0.856
PHE846,VAL842,Hydrophobic_Prot-Prot,0.824
PHE846,PHE916,Hydrophobic_Prot-Prot,0.738
PHE86,TYR155,Hydrophobic_Prot-Prot,0.985
PHE86,PHE98,Hydrophobic_Prot-Prot,0.914
PHE897,TRP883,Hydrophobic_Prot-Prot,0.965
PHE916,VAL842,Hydrophobic_Prot-Prot,0.991
PHE966,PHE970,Hydrophobic_Prot-Prot,0.994
PHE966,VAL993,Hydrophobic_Prot-Prot,0.917
PHE966,PHE972,Hydrophobic_Prot-Prot,0.757
PHE966,TRP1074,Hydrophobic_Prot-Prot,0.523
PHE966,VAL992,Hydrophobic_Prot-Prot,0.347
PHE966,VAL1083,Hydrophobic_Prot-Prot,0.167
PHE966,VAL963,Hydrophobic_Prot-Prot,0.075
PHE97,TYR155,Hydrophobic_Prot-Prot,0.999
PHE97,PHE98,Hydrophobic_Prot-Prot,0.996
PHE970,PHE972,Hydrophobic_Prot-Prot,0.979
PHE970,TRP1074,Hydrophobic_Prot-Prot,0.268
PHE972,VAL1083,Hydrophobic_Prot-Prot,0.991
PHE98,TYR155,Hydrophobic_Prot-Prot,0.989
PRO1002,TYR1001,Hydrophobic_Prot-Prot,0.653
PRO1002,TYR1036,Hydrophobic_Prot-Prot,0.579
PRO1090,sgRNA1458,Hydrophobic_Prot-NA,0.991
PRO1090,sgRNA1460,Hydrophobic_Prot-NA,0.801
PRO1199,VAL1100,Hydrophobic_Prot-Prot,0.847
PRO1199,TYR1141,Hydrophobic_Prot-Prot,0.385
PRO1229,TYR1232,Hydrophobic_Prot-Prot,0.989
PRO1229,sgRNA1459,Hydrophobic_Prot-NA,0.057
PRO1321,TYR1336,Hydrophobic_Prot-Prot,0.631
PRO133,TYR325,Hydrophobic_Prot-Prot,0.941
PRO133,TYR132,Hydrophobic_Prot-Prot,0.868
PRO176,PRO316,Hydrophobic_Prot-Prot,0.215
PRO250,sgRNA1375,Hydrophobic_Prot-NA,0.143
PRO28,VAL27,Hydrophobic_Prot-Prot,1.0
PRO28,VAL20,Hydrophobic_Prot-Prot,0.886
PRO316,VAL308,Hydrophobic_Prot-Prot,0.366
PRO431,TYR430,Hydrophobic_Prot-Prot,0.867
PRO449,TYR451,Hydrophobic_Prot-Prot,1.0
PRO449,VAL452,Hydrophobic_Prot-Prot,0.977
PRO454,TRP464,Hydrophobic_Prot-Prot,0.352
PRO475,TYR81,Hydrophobic_Prot-Prot,0.982
PRO475,sgRNA1429,Hydrophobic_Prot-NA,0.831
PRO475,TRP476,Hydrophobic_Prot-Prot,0.821
PRO503,VAL713,Hydrophobic_Prot-Prot,0.076
PRO509,TRP659,Hydrophobic_Prot-Prot,0.987
PRO509,VAL620,Hydrophobic_Prot-Prot,0.455
PRO537,VAL530,Hydrophobic_Prot-Prot,0.9
PRO756,TYR5,Hydrophobic_Prot-Prot,1.0
PRO756,VAL953,Hydrophobic_Prot-Prot,0.898
PRO756,VAL748,Hydrophobic_Prot-Prot,0.886
PRO843,VAL842,Hydrophobic_Prot-Prot,0.999
PRO871,VAL870,Hydrophobic_Prot-Prot,1.0
PRO871,TYR823,Hydrophobic_Prot-Prot,0.995
PRO871,VAL875,Hydrophobic_Prot-Prot,0.354
TRP1074,TYR25,Hydrophobic_Prot-Prot,0.97
TRP1074,VAL1083,Hydrophobic_Prot-Prot,0.898
TRP1074,VAL992,Hydrophobic_Prot-Prot,0.894
TRP1074,VAL1073,Hydrophobic_Prot-Prot,0.676
TRP1126,TYR1131,Hydrophobic_Prot-Prot,0.969
TRP18,VAL743,Hydrophobic_Prot-Prot,0.995
TRP18,VAL20,Hydrophobic_Prot-Prot,0.23
TRP464,sgRNA1384,Hydrophobic_Prot-NA,0.053
TRP476,TYR81,Hydrophobic_Prot-Prot,0.779
TRP659,VAL507,Hydrophobic_Prot-Prot,0.942
TRP883,VAL876,Hydrophobic_Prot-Prot,0.993
TRP883,TYR882,Hydrophobic_Prot-Prot,0.933
TRP883,VAL875,Hydrophobic_Prot-Prot,0.832
TRP883,TYR823,Hydrophobic_Prot-Prot,0.525
TS1487,TYR450,Hydrophobic_Prot-NA,0.379
TYR1001,TYR1036,Hydrophobic_Prot-Prot,0.815
TYR1001,TYR1016,Hydrophobic_Prot-Prot,0.134
TYR1010,VAL955,Hydrophobic_Prot-Prot,0.498
TYR1013,VAL1009,Hydrophobic_Prot-Prot,0.597
TYR1013,VAL1015,Hydrophobic_Prot-Prot,0.097
TYR1016,VAL1015,Hydrophobic_Prot-Prot,0.083
TYR1016,TYR1036,Hydrophobic_Prot-Prot,0.062
TYR1131,VAL107,Hydrophobic_Prot-Prot,0.769
TYR1141,VAL1100,Hydrophobic_Prot-Prot,0.843
TYR1141,VAL1143,Hydrophobic_Prot-Prot,0.574
TYR1187,VAL1149,Hydrophobic_Prot-Prot,0.877
TYR1187,VAL1190,Hydrophobic_Prot-Prot,0.792
TYR1187,VAL1145,Hydrophobic_Prot-Prot,0.788
TYR1187,VAL1160,Hydrophobic_Prot-Prot,0.649
TYR1232,TYR1265,Hydrophobic_Prot-Prot,0.985
TYR1237,TYR973,Hydrophobic_Prot-Prot,1.0
TYR1237,VAL975,Hydrophobic_Prot-Prot,0.974
TYR1242,VAL1259,Hydrophobic_Prot-Prot,0.695
TYR128,TYR132,Hydrophobic_Prot-Prot,0.994
TYR1294,TYR1326,Hydrophobic_Prot-Prot,0.611
TYR1326,VAL1290,Hydrophobic_Prot-Prot,0.741
TYR1356,VAL750,Hydrophobic_Prot-Prot,0.995
TYR1356,sgRNA1451,Hydrophobic_Prot-NA,0.995
TYR1356,sgRNA1438,Hydrophobic_Prot-NA,0.516
TYR25,VAL992,Hydrophobic_Prot-Prot,0.87
TYR325,sgRNA1414,Hydrophobic_Prot-NA,1.0
TYR347,VAL339,Hydrophobic_Prot-Prot,0.992
TYR359,sgRNA1413,Hydrophobic_Prot-NA,0.984
TYR359,TYR362,Hydrophobic_Prot-Prot,0.688
TYR450,TYR451,Hydrophobic_Prot-Prot,0.994
TYR450,sgRNA1385,Hydrophobic_Prot-NA,0.765
TYR451,VAL452,Hydrophobic_Prot-Prot,0.995
TYR5,VAL20,Hydrophobic_Prot-Prot,1.0
TYR517,VAL549,Hydrophobic_Prot-Prot,0.752
TYR517,TYR521,Hydrophobic_Prot-Prot,0.752
TYR517,TYR594,Hydrophobic_Prot-Prot,0.323
TYR521,VAL549,Hydrophobic_Prot-Prot,0.981
TYR529,VAL578,Hydrophobic_Prot-Prot,0.721
TYR656,VAL620,Hydrophobic_Prot-Prot,0.803
TYR72,sgRNA1420,Hydrophobic_Prot-NA,1.0
TYR81,sgRNA1429,Hydrophobic_Prot-NA,0.928
TYR814,TYR815,Hydrophobic_Prot-Prot,0.938
TYR815,VAL801,Hydrophobic_Prot-Prot,0.995
TYR823,VAL856,Hydrophobic_Prot-Prot,0.998
TYR823,VAL875,Hydrophobic_Prot-Prot,0.972
TYR823,VAL824,Hydrophobic_Prot-Prot,0.428
TYR981,VAL1092,Hydrophobic_Prot-Prot,1.0
TYR981,sgRNA1460,Hydrophobic_Prot-NA,0.067
TYR988,VAL1086,Hydrophobic_Prot-Prot,1.0
TYR988,VAL992,Hydrophobic_Prot-Prot,0.998
TYR988,VAL27,Hydrophobic_Prot-Prot,0.989
TYR988,VAL1083,Hydrophobic_Prot-Prot,0.962
VAL1015,VAL1018,Hydrophobic_Prot-Prot,0.13
VAL1083,VAL992,Hydrophobic_Prot-Prot,0.778
VAL1086,VAL27,Hydrophobic_Prot-Prot,0.998
VAL1100,sgRNA1437,Hydrophobic_Prot-NA,0.761
VAL1100,sgRNA1436,Hydrophobic_Prot-NA,0.145
VAL1143,VAL1145,Hydrophobic_Prot-Prot,0.66
VAL1145,VAL1190,Hydrophobic_Prot-Prot,0.332
VAL1149,VAL1160,Hydrophobic_Prot-Prot,0.974
VAL123,sgRNA1398,Hydrophobic_Prot-NA,0.16
VAL1233,VAL975,Hydrophobic_Prot-Prot,0.444
VAL126,sgRNA1398,Hydrophobic_Prot-NA,0.444
VAL1280,sgRNA1460,Hydrophobic_Prot-NA,0.063
VAL16,VAL743,Hydrophobic_Prot-Prot,0.317
VAL452,VAL482,Hydrophobic_Prot-Prot,0.824
VAL481,VAL482,Hydrophobic_Prot-Prot,0.409
VAL520,VAL549,Hydrophobic_Prot-Prot,0.98
VAL527,VAL583,Hydrophobic_Prot-Prot,0.742
VAL561,VAL583,Hydrophobic_Prot-Prot,0.988
VAL743,VAL744,Hydrophobic_Prot-Prot,0.063
VAL744,VAL748,Hydrophobic_Prot-Prot,0.354
VAL842,VAL870,Hydrophobic_Prot-Prot,0.515
VAL953,VAL955,Hydrophobic_Prot-Prot,0.316
VAL963,VAL993,Hydrophobic_Prot-Prot,0.784
VAL992,VAL993,Hydrophobic_Prot-Prot,0.12
